profile,algorithm,participants,steps,payload_per_step_bytes,aggregate_wire_bytes,base_network_latency_ms,serialization_ms,software_overhead_ms,completion_time_ms
very_fast_local,binary_tree_reduce,4,2,16,48,0.05,2.56e-06,0.040999999999999995,0.09100256
very_fast_local,binary_tree_allreduce,4,4,16,96,0.1,5.12e-06,0.08199999999999999,0.18200512
very_fast_local,recursive_doubling,4,2,16,128,0.05,2.56e-06,0.040999999999999995,0.09100256
very_fast_local,ring_allreduce,4,6,16,96,0.15000000000000002,7.68e-06,0.12299999999999998,0.27300768000000003
very_fast_local,binary_tree_reduce,4,2,14336,43008,0.05,0.00229376,0.049400000000000006,0.10169376000000001
very_fast_local,binary_tree_allreduce,4,4,14336,86016,0.1,0.00458752,0.09880000000000001,0.20338752000000002
very_fast_local,recursive_doubling,4,2,14336,114688,0.05,0.00229376,0.049400000000000006,0.10169376000000001
very_fast_local,ring_allreduce,4,6,14336,86016,0.15000000000000002,0.00688128,0.14820000000000003,0.30508128
very_fast_local,binary_tree_reduce,4,2,28672,86016,0.05,0.00458752,0.0596,0.11418752
very_fast_local,binary_tree_allreduce,4,4,28672,172032,0.1,0.00917504,0.1192,0.22837504
very_fast_local,recursive_doubling,4,2,28672,229376,0.05,0.00458752,0.0596,0.11418752
very_fast_local,ring_allreduce,4,6,28672,172032,0.15000000000000002,0.01376256,0.17880000000000001,0.34256256000000007
very_fast_local,binary_tree_reduce,4,2,57344,172032,0.05,0.00917504,0.079,0.13817504
very_fast_local,binary_tree_allreduce,4,4,57344,344064,0.1,0.01835008,0.158,0.27635008
very_fast_local,recursive_doubling,4,2,57344,458752,0.05,0.00917504,0.079,0.13817504
very_fast_local,ring_allreduce,4,6,57344,344064,0.15000000000000002,0.02752512,0.237,0.41452512
very_fast_local,binary_tree_reduce,4,2,114688,344064,0.05,0.01835008,0.1171,0.18545008000000002
very_fast_local,binary_tree_allreduce,4,4,114688,688128,0.1,0.03670016,0.2342,0.37090016000000003
very_fast_local,recursive_doubling,4,2,114688,917504,0.05,0.01835008,0.1171,0.18545008000000002
very_fast_local,ring_allreduce,4,6,114688,688128,0.15000000000000002,0.05505024,0.3513,0.55635024
very_fast_local,binary_tree_reduce,8,3,16,112,0.07500000000000001,3.84e-06,0.06149999999999999,0.13650384000000002
very_fast_local,binary_tree_allreduce,8,6,16,224,0.15000000000000002,7.68e-06,0.12299999999999998,0.27300768000000003
very_fast_local,recursive_doubling,8,3,16,384,0.07500000000000001,3.84e-06,0.06149999999999999,0.13650384000000002
very_fast_local,ring_allreduce,8,14,16,224,0.35000000000000003,1.792e-05,0.287,0.63701792
very_fast_local,binary_tree_reduce,8,3,14336,100352,0.07500000000000001,0.00344064,0.07410000000000001,0.15254064
very_fast_local,binary_tree_allreduce,8,6,14336,200704,0.15000000000000002,0.00688128,0.14820000000000003,0.30508128
very_fast_local,recursive_doubling,8,3,14336,344064,0.07500000000000001,0.00344064,0.07410000000000001,0.15254064
very_fast_local,ring_allreduce,8,14,14336,200704,0.35000000000000003,0.01605632,0.34580000000000005,0.7118563200000001
very_fast_local,binary_tree_reduce,8,3,28672,200704,0.07500000000000001,0.00688128,0.08940000000000001,0.17128128000000004
very_fast_local,binary_tree_allreduce,8,6,28672,401408,0.15000000000000002,0.01376256,0.17880000000000001,0.34256256000000007
very_fast_local,recursive_doubling,8,3,28672,688128,0.07500000000000001,0.00688128,0.08940000000000001,0.17128128000000004
very_fast_local,ring_allreduce,8,14,28672,401408,0.35000000000000003,0.03211264,0.4172,0.79931264
very_fast_local,binary_tree_reduce,8,3,57344,401408,0.07500000000000001,0.01376256,0.1185,0.20726256
very_fast_local,binary_tree_allreduce,8,6,57344,802816,0.15000000000000002,0.02752512,0.237,0.41452512
very_fast_local,recursive_doubling,8,3,57344,1376256,0.07500000000000001,0.01376256,0.1185,0.20726256
very_fast_local,ring_allreduce,8,14,57344,802816,0.35000000000000003,0.06422528,0.553,0.9672252800000001
very_fast_local,binary_tree_reduce,8,3,114688,802816,0.07500000000000001,0.02752512,0.17565,0.27817512
very_fast_local,binary_tree_allreduce,8,6,114688,1605632,0.15000000000000002,0.05505024,0.3513,0.55635024
very_fast_local,recursive_doubling,8,3,114688,2752512,0.07500000000000001,0.02752512,0.17565,0.27817512
very_fast_local,ring_allreduce,8,14,114688,1605632,0.35000000000000003,0.12845056,0.8197,1.29815056
very_fast_local,binary_tree_reduce,16,4,16,240,0.1,5.12e-06,0.08199999999999999,0.18200512
very_fast_local,binary_tree_allreduce,16,8,16,480,0.2,1.024e-05,0.16399999999999998,0.36401024
very_fast_local,recursive_doubling,16,4,16,1024,0.1,5.12e-06,0.08199999999999999,0.18200512
very_fast_local,ring_allreduce,16,30,16,480,0.75,3.84e-05,0.6149999999999999,1.3650384
very_fast_local,binary_tree_reduce,16,4,14336,215040,0.1,0.00458752,0.09880000000000001,0.20338752000000002
very_fast_local,binary_tree_allreduce,16,8,14336,430080,0.2,0.00917504,0.19760000000000003,0.40677504000000003
very_fast_local,recursive_doubling,16,4,14336,917504,0.1,0.00458752,0.09880000000000001,0.20338752000000002
very_fast_local,ring_allreduce,16,30,14336,430080,0.75,0.0344064,0.7410000000000001,1.5254064
very_fast_local,binary_tree_reduce,16,4,28672,430080,0.1,0.00917504,0.1192,0.22837504
very_fast_local,binary_tree_allreduce,16,8,28672,860160,0.2,0.01835008,0.2384,0.45675008
very_fast_local,recursive_doubling,16,4,28672,1835008,0.1,0.00917504,0.1192,0.22837504
very_fast_local,ring_allreduce,16,30,28672,860160,0.75,0.0688128,0.894,1.7128128
very_fast_local,binary_tree_reduce,16,4,57344,860160,0.1,0.01835008,0.158,0.27635008
very_fast_local,binary_tree_allreduce,16,8,57344,1720320,0.2,0.03670016,0.316,0.55270016
very_fast_local,recursive_doubling,16,4,57344,3670016,0.1,0.01835008,0.158,0.27635008
very_fast_local,ring_allreduce,16,30,57344,1720320,0.75,0.1376256,1.185,2.0726256000000003
very_fast_local,binary_tree_reduce,16,4,114688,1720320,0.1,0.03670016,0.2342,0.37090016000000003
very_fast_local,binary_tree_allreduce,16,8,114688,3440640,0.2,0.07340032,0.4684,0.7418003200000001
very_fast_local,recursive_doubling,16,4,114688,7340032,0.1,0.03670016,0.2342,0.37090016000000003
very_fast_local,ring_allreduce,16,30,114688,3440640,0.75,0.2752512,1.7565,2.7817512
very_fast_local,binary_tree_reduce,32,5,16,496,0.125,6.4e-06,0.10249999999999998,0.22750639999999997
very_fast_local,binary_tree_allreduce,32,10,16,992,0.25,1.28e-05,0.20499999999999996,0.45501279999999994
very_fast_local,recursive_doubling,32,5,16,2560,0.125,6.4e-06,0.10249999999999998,0.22750639999999997
very_fast_local,ring_allreduce,32,62,16,992,1.55,7.936e-05,1.271,2.8210793599999997
very_fast_local,binary_tree_reduce,32,5,14336,444416,0.125,0.0057344,0.12350000000000001,0.2542344
very_fast_local,binary_tree_allreduce,32,10,14336,888832,0.25,0.0114688,0.24700000000000003,0.5084688
very_fast_local,recursive_doubling,32,5,14336,2293760,0.125,0.0057344,0.12350000000000001,0.2542344
very_fast_local,ring_allreduce,32,62,14336,888832,1.55,0.07110656,1.5314,3.15250656
very_fast_local,binary_tree_reduce,32,5,28672,888832,0.125,0.0114688,0.149,0.28546879999999997
very_fast_local,binary_tree_allreduce,32,10,28672,1777664,0.25,0.0229376,0.298,0.5709375999999999
very_fast_local,recursive_doubling,32,5,28672,4587520,0.125,0.0114688,0.149,0.28546879999999997
very_fast_local,ring_allreduce,32,62,28672,1777664,1.55,0.14221312,1.8476,3.53981312
very_fast_local,binary_tree_reduce,32,5,57344,1777664,0.125,0.0229376,0.1975,0.3454376
very_fast_local,binary_tree_allreduce,32,10,57344,3555328,0.25,0.0458752,0.395,0.6908752
very_fast_local,recursive_doubling,32,5,57344,9175040,0.125,0.0229376,0.1975,0.3454376
very_fast_local,ring_allreduce,32,62,57344,3555328,1.55,0.28442624,2.449,4.28342624
very_fast_local,binary_tree_reduce,32,5,114688,3555328,0.125,0.0458752,0.29275,0.4636252
very_fast_local,binary_tree_allreduce,32,10,114688,7110656,0.25,0.0917504,0.5855,0.9272504
very_fast_local,recursive_doubling,32,5,114688,18350080,0.125,0.0458752,0.29275,0.4636252
very_fast_local,ring_allreduce,32,62,114688,7110656,1.55,0.56885248,3.6300999999999997,5.74895248
canonical_fast_local,binary_tree_reduce,4,2,16,48,0.25,1.024e-05,0.040999999999999995,0.29101024
canonical_fast_local,binary_tree_allreduce,4,4,16,96,0.5,2.048e-05,0.08199999999999999,0.58202048
canonical_fast_local,recursive_doubling,4,2,16,128,0.25,1.024e-05,0.040999999999999995,0.29101024
canonical_fast_local,ring_allreduce,4,6,16,96,0.75,3.072e-05,0.12299999999999998,0.87303072
canonical_fast_local,binary_tree_reduce,4,2,14336,43008,0.25,0.00917504,0.049400000000000006,0.30857504
canonical_fast_local,binary_tree_allreduce,4,4,14336,86016,0.5,0.01835008,0.09880000000000001,0.61715008
canonical_fast_local,recursive_doubling,4,2,14336,114688,0.25,0.00917504,0.049400000000000006,0.30857504
canonical_fast_local,ring_allreduce,4,6,14336,86016,0.75,0.02752512,0.14820000000000003,0.92572512
canonical_fast_local,binary_tree_reduce,4,2,28672,86016,0.25,0.01835008,0.0596,0.32795008
canonical_fast_local,binary_tree_allreduce,4,4,28672,172032,0.5,0.03670016,0.1192,0.65590016
canonical_fast_local,recursive_doubling,4,2,28672,229376,0.25,0.01835008,0.0596,0.32795008
canonical_fast_local,ring_allreduce,4,6,28672,172032,0.75,0.05505024,0.17880000000000001,0.98385024
canonical_fast_local,binary_tree_reduce,4,2,57344,172032,0.25,0.03670016,0.079,0.36570016
canonical_fast_local,binary_tree_allreduce,4,4,57344,344064,0.5,0.07340032,0.158,0.73140032
canonical_fast_local,recursive_doubling,4,2,57344,458752,0.25,0.03670016,0.079,0.36570016
canonical_fast_local,ring_allreduce,4,6,57344,344064,0.75,0.11010048,0.237,1.09710048
canonical_fast_local,binary_tree_reduce,4,2,114688,344064,0.25,0.07340032,0.1171,0.44050032
canonical_fast_local,binary_tree_allreduce,4,4,114688,688128,0.5,0.14680064,0.2342,0.88100064
canonical_fast_local,recursive_doubling,4,2,114688,917504,0.25,0.07340032,0.1171,0.44050032
canonical_fast_local,ring_allreduce,4,6,114688,688128,0.75,0.22020096,0.3513,1.32150096
canonical_fast_local,binary_tree_reduce,8,3,16,112,0.375,1.536e-05,0.06149999999999999,0.43651536
canonical_fast_local,binary_tree_allreduce,8,6,16,224,0.75,3.072e-05,0.12299999999999998,0.87303072
canonical_fast_local,recursive_doubling,8,3,16,384,0.375,1.536e-05,0.06149999999999999,0.43651536
canonical_fast_local,ring_allreduce,8,14,16,224,1.75,7.168e-05,0.287,2.03707168
canonical_fast_local,binary_tree_reduce,8,3,14336,100352,0.375,0.01376256,0.07410000000000001,0.46286256
canonical_fast_local,binary_tree_allreduce,8,6,14336,200704,0.75,0.02752512,0.14820000000000003,0.92572512
canonical_fast_local,recursive_doubling,8,3,14336,344064,0.375,0.01376256,0.07410000000000001,0.46286256
canonical_fast_local,ring_allreduce,8,14,14336,200704,1.75,0.06422528,0.34580000000000005,2.16002528
canonical_fast_local,binary_tree_reduce,8,3,28672,200704,0.375,0.02752512,0.08940000000000001,0.49192512
canonical_fast_local,binary_tree_allreduce,8,6,28672,401408,0.75,0.05505024,0.17880000000000001,0.98385024
canonical_fast_local,recursive_doubling,8,3,28672,688128,0.375,0.02752512,0.08940000000000001,0.49192512
canonical_fast_local,ring_allreduce,8,14,28672,401408,1.75,0.12845056,0.4172,2.2956505600000003
canonical_fast_local,binary_tree_reduce,8,3,57344,401408,0.375,0.05505024,0.1185,0.54855024
canonical_fast_local,binary_tree_allreduce,8,6,57344,802816,0.75,0.11010048,0.237,1.09710048
canonical_fast_local,recursive_doubling,8,3,57344,1376256,0.375,0.05505024,0.1185,0.54855024
canonical_fast_local,ring_allreduce,8,14,57344,802816,1.75,0.25690112,0.553,2.55990112
canonical_fast_local,binary_tree_reduce,8,3,114688,802816,0.375,0.11010048,0.17565,0.66075048
canonical_fast_local,binary_tree_allreduce,8,6,114688,1605632,0.75,0.22020096,0.3513,1.32150096
canonical_fast_local,recursive_doubling,8,3,114688,2752512,0.375,0.11010048,0.17565,0.66075048
canonical_fast_local,ring_allreduce,8,14,114688,1605632,1.75,0.51380224,0.8197,3.08350224
canonical_fast_local,binary_tree_reduce,16,4,16,240,0.5,2.048e-05,0.08199999999999999,0.58202048
canonical_fast_local,binary_tree_allreduce,16,8,16,480,1.0,4.096e-05,0.16399999999999998,1.16404096
canonical_fast_local,recursive_doubling,16,4,16,1024,0.5,2.048e-05,0.08199999999999999,0.58202048
canonical_fast_local,ring_allreduce,16,30,16,480,3.75,0.0001536,0.6149999999999999,4.3651536
canonical_fast_local,binary_tree_reduce,16,4,14336,215040,0.5,0.01835008,0.09880000000000001,0.61715008
canonical_fast_local,binary_tree_allreduce,16,8,14336,430080,1.0,0.03670016,0.19760000000000003,1.23430016
canonical_fast_local,recursive_doubling,16,4,14336,917504,0.5,0.01835008,0.09880000000000001,0.61715008
canonical_fast_local,ring_allreduce,16,30,14336,430080,3.75,0.1376256,0.7410000000000001,4.6286255999999995
canonical_fast_local,binary_tree_reduce,16,4,28672,430080,0.5,0.03670016,0.1192,0.65590016
canonical_fast_local,binary_tree_allreduce,16,8,28672,860160,1.0,0.07340032,0.2384,1.31180032
canonical_fast_local,recursive_doubling,16,4,28672,1835008,0.5,0.03670016,0.1192,0.65590016
canonical_fast_local,ring_allreduce,16,30,28672,860160,3.75,0.2752512,0.894,4.9192512
canonical_fast_local,binary_tree_reduce,16,4,57344,860160,0.5,0.07340032,0.158,0.73140032
canonical_fast_local,binary_tree_allreduce,16,8,57344,1720320,1.0,0.14680064,0.316,1.46280064
canonical_fast_local,recursive_doubling,16,4,57344,3670016,0.5,0.07340032,0.158,0.73140032
canonical_fast_local,ring_allreduce,16,30,57344,1720320,3.75,0.5505024,1.185,5.4855024
canonical_fast_local,binary_tree_reduce,16,4,114688,1720320,0.5,0.14680064,0.2342,0.88100064
canonical_fast_local,binary_tree_allreduce,16,8,114688,3440640,1.0,0.29360128,0.4684,1.76200128
canonical_fast_local,recursive_doubling,16,4,114688,7340032,0.5,0.14680064,0.2342,0.88100064
canonical_fast_local,ring_allreduce,16,30,114688,3440640,3.75,1.1010048,1.7565,6.6075048
canonical_fast_local,binary_tree_reduce,32,5,16,496,0.625,2.56e-05,0.10249999999999998,0.7275255999999999
canonical_fast_local,binary_tree_allreduce,32,10,16,992,1.25,5.12e-05,0.20499999999999996,1.4550511999999998
canonical_fast_local,recursive_doubling,32,5,16,2560,0.625,2.56e-05,0.10249999999999998,0.7275255999999999
canonical_fast_local,ring_allreduce,32,62,16,992,7.75,0.00031744,1.271,9.02131744
canonical_fast_local,binary_tree_reduce,32,5,14336,444416,0.625,0.0229376,0.12350000000000001,0.7714376000000001
canonical_fast_local,binary_tree_allreduce,32,10,14336,888832,1.25,0.0458752,0.24700000000000003,1.5428752000000001
canonical_fast_local,recursive_doubling,32,5,14336,2293760,0.625,0.0229376,0.12350000000000001,0.7714376000000001
canonical_fast_local,ring_allreduce,32,62,14336,888832,7.75,0.28442624,1.5314,9.56582624
canonical_fast_local,binary_tree_reduce,32,5,28672,888832,0.625,0.0458752,0.149,0.8198752
canonical_fast_local,binary_tree_allreduce,32,10,28672,1777664,1.25,0.0917504,0.298,1.6397504
canonical_fast_local,recursive_doubling,32,5,28672,4587520,0.625,0.0458752,0.149,0.8198752
canonical_fast_local,ring_allreduce,32,62,28672,1777664,7.75,0.56885248,1.8476,10.16645248
canonical_fast_local,binary_tree_reduce,32,5,57344,1777664,0.625,0.0917504,0.1975,0.9142504
canonical_fast_local,binary_tree_allreduce,32,10,57344,3555328,1.25,0.1835008,0.395,1.8285008
canonical_fast_local,recursive_doubling,32,5,57344,9175040,0.625,0.0917504,0.1975,0.9142504
canonical_fast_local,ring_allreduce,32,62,57344,3555328,7.75,1.13770496,2.449,11.33670496
canonical_fast_local,binary_tree_reduce,32,5,114688,3555328,0.625,0.1835008,0.29275,1.1012508
canonical_fast_local,binary_tree_allreduce,32,10,114688,7110656,1.25,0.3670016,0.5855,2.2025016
canonical_fast_local,recursive_doubling,32,5,114688,18350080,0.625,0.1835008,0.29275,1.1012508
canonical_fast_local,ring_allreduce,32,62,114688,7110656,7.75,2.27540992,3.6300999999999997,13.65550992
commodity_fast_lan,binary_tree_reduce,4,2,16,48,1.0,2.56e-05,0.040999999999999995,1.0410256
commodity_fast_lan,binary_tree_allreduce,4,4,16,96,2.0,5.12e-05,0.08199999999999999,2.0820512
commodity_fast_lan,recursive_doubling,4,2,16,128,1.0,2.56e-05,0.040999999999999995,1.0410256
commodity_fast_lan,ring_allreduce,4,6,16,96,3.0,7.68e-05,0.12299999999999998,3.1230767999999998
commodity_fast_lan,binary_tree_reduce,4,2,14336,43008,1.0,0.0229376,0.049400000000000006,1.0723376
commodity_fast_lan,binary_tree_allreduce,4,4,14336,86016,2.0,0.0458752,0.09880000000000001,2.1446752
commodity_fast_lan,recursive_doubling,4,2,14336,114688,1.0,0.0229376,0.049400000000000006,1.0723376
commodity_fast_lan,ring_allreduce,4,6,14336,86016,3.0,0.0688128,0.14820000000000003,3.2170128
commodity_fast_lan,binary_tree_reduce,4,2,28672,86016,1.0,0.0458752,0.0596,1.1054752
commodity_fast_lan,binary_tree_allreduce,4,4,28672,172032,2.0,0.0917504,0.1192,2.2109504
commodity_fast_lan,recursive_doubling,4,2,28672,229376,1.0,0.0458752,0.0596,1.1054752
commodity_fast_lan,ring_allreduce,4,6,28672,172032,3.0,0.1376256,0.17880000000000001,3.3164255999999996
commodity_fast_lan,binary_tree_reduce,4,2,57344,172032,1.0,0.0917504,0.079,1.1707504
commodity_fast_lan,binary_tree_allreduce,4,4,57344,344064,2.0,0.1835008,0.158,2.3415008
commodity_fast_lan,recursive_doubling,4,2,57344,458752,1.0,0.0917504,0.079,1.1707504
commodity_fast_lan,ring_allreduce,4,6,57344,344064,3.0,0.2752512,0.237,3.5122512
commodity_fast_lan,binary_tree_reduce,4,2,114688,344064,1.0,0.1835008,0.1171,1.3006008
commodity_fast_lan,binary_tree_allreduce,4,4,114688,688128,2.0,0.3670016,0.2342,2.6012016
commodity_fast_lan,recursive_doubling,4,2,114688,917504,1.0,0.1835008,0.1171,1.3006008
commodity_fast_lan,ring_allreduce,4,6,114688,688128,3.0,0.5505024,0.3513,3.9018024000000002
commodity_fast_lan,binary_tree_reduce,8,3,16,112,1.5,3.84e-05,0.06149999999999999,1.5615383999999999
commodity_fast_lan,binary_tree_allreduce,8,6,16,224,3.0,7.68e-05,0.12299999999999998,3.1230767999999998
commodity_fast_lan,recursive_doubling,8,3,16,384,1.5,3.84e-05,0.06149999999999999,1.5615383999999999
commodity_fast_lan,ring_allreduce,8,14,16,224,7.0,0.0001792,0.287,7.2871792
commodity_fast_lan,binary_tree_reduce,8,3,14336,100352,1.5,0.0344064,0.07410000000000001,1.6085064
commodity_fast_lan,binary_tree_allreduce,8,6,14336,200704,3.0,0.0688128,0.14820000000000003,3.2170128
commodity_fast_lan,recursive_doubling,8,3,14336,344064,1.5,0.0344064,0.07410000000000001,1.6085064
commodity_fast_lan,ring_allreduce,8,14,14336,200704,7.0,0.1605632,0.34580000000000005,7.5063632
commodity_fast_lan,binary_tree_reduce,8,3,28672,200704,1.5,0.0688128,0.08940000000000001,1.6582127999999998
commodity_fast_lan,binary_tree_allreduce,8,6,28672,401408,3.0,0.1376256,0.17880000000000001,3.3164255999999996
commodity_fast_lan,recursive_doubling,8,3,28672,688128,1.5,0.0688128,0.08940000000000001,1.6582127999999998
commodity_fast_lan,ring_allreduce,8,14,28672,401408,7.0,0.3211264,0.4172,7.7383264
commodity_fast_lan,binary_tree_reduce,8,3,57344,401408,1.5,0.1376256,0.1185,1.7561256
commodity_fast_lan,binary_tree_allreduce,8,6,57344,802816,3.0,0.2752512,0.237,3.5122512
commodity_fast_lan,recursive_doubling,8,3,57344,1376256,1.5,0.1376256,0.1185,1.7561256
commodity_fast_lan,ring_allreduce,8,14,57344,802816,7.0,0.6422528,0.553,8.1952528
commodity_fast_lan,binary_tree_reduce,8,3,114688,802816,1.5,0.2752512,0.17565,1.9509012000000001
commodity_fast_lan,binary_tree_allreduce,8,6,114688,1605632,3.0,0.5505024,0.3513,3.9018024000000002
commodity_fast_lan,recursive_doubling,8,3,114688,2752512,1.5,0.2752512,0.17565,1.9509012000000001
commodity_fast_lan,ring_allreduce,8,14,114688,1605632,7.0,1.2845056,0.8197,9.104205599999998
commodity_fast_lan,binary_tree_reduce,16,4,16,240,2.0,5.12e-05,0.08199999999999999,2.0820512
commodity_fast_lan,binary_tree_allreduce,16,8,16,480,4.0,0.0001024,0.16399999999999998,4.1641024
commodity_fast_lan,recursive_doubling,16,4,16,1024,2.0,5.12e-05,0.08199999999999999,2.0820512
commodity_fast_lan,ring_allreduce,16,30,16,480,15.0,0.000384,0.6149999999999999,15.615384
commodity_fast_lan,binary_tree_reduce,16,4,14336,215040,2.0,0.0458752,0.09880000000000001,2.1446752
commodity_fast_lan,binary_tree_allreduce,16,8,14336,430080,4.0,0.0917504,0.19760000000000003,4.2893504
commodity_fast_lan,recursive_doubling,16,4,14336,917504,2.0,0.0458752,0.09880000000000001,2.1446752
commodity_fast_lan,ring_allreduce,16,30,14336,430080,15.0,0.344064,0.7410000000000001,16.085064
commodity_fast_lan,binary_tree_reduce,16,4,28672,430080,2.0,0.0917504,0.1192,2.2109504
commodity_fast_lan,binary_tree_allreduce,16,8,28672,860160,4.0,0.1835008,0.2384,4.4219008
commodity_fast_lan,recursive_doubling,16,4,28672,1835008,2.0,0.0917504,0.1192,2.2109504
commodity_fast_lan,ring_allreduce,16,30,28672,860160,15.0,0.688128,0.894,16.582128
commodity_fast_lan,binary_tree_reduce,16,4,57344,860160,2.0,0.1835008,0.158,2.3415008
commodity_fast_lan,binary_tree_allreduce,16,8,57344,1720320,4.0,0.3670016,0.316,4.6830016
commodity_fast_lan,recursive_doubling,16,4,57344,3670016,2.0,0.1835008,0.158,2.3415008
commodity_fast_lan,ring_allreduce,16,30,57344,1720320,15.0,1.376256,1.185,17.561256
commodity_fast_lan,binary_tree_reduce,16,4,114688,1720320,2.0,0.3670016,0.2342,2.6012016
commodity_fast_lan,binary_tree_allreduce,16,8,114688,3440640,4.0,0.7340032,0.4684,5.2024032
commodity_fast_lan,recursive_doubling,16,4,114688,7340032,2.0,0.3670016,0.2342,2.6012016
commodity_fast_lan,ring_allreduce,16,30,114688,3440640,15.0,2.752512,1.7565,19.509012
commodity_fast_lan,binary_tree_reduce,32,5,16,496,2.5,6.4e-05,0.10249999999999998,2.602564
commodity_fast_lan,binary_tree_allreduce,32,10,16,992,5.0,0.000128,0.20499999999999996,5.205128
commodity_fast_lan,recursive_doubling,32,5,16,2560,2.5,6.4e-05,0.10249999999999998,2.602564
commodity_fast_lan,ring_allreduce,32,62,16,992,31.0,0.0007936,1.271,32.2717936
commodity_fast_lan,binary_tree_reduce,32,5,14336,444416,2.5,0.057344,0.12350000000000001,2.680844
commodity_fast_lan,binary_tree_allreduce,32,10,14336,888832,5.0,0.114688,0.24700000000000003,5.361688
commodity_fast_lan,recursive_doubling,32,5,14336,2293760,2.5,0.057344,0.12350000000000001,2.680844
commodity_fast_lan,ring_allreduce,32,62,14336,888832,31.0,0.7110656,1.5314,33.2424656
commodity_fast_lan,binary_tree_reduce,32,5,28672,888832,2.5,0.114688,0.149,2.763688
commodity_fast_lan,binary_tree_allreduce,32,10,28672,1777664,5.0,0.229376,0.298,5.527376
commodity_fast_lan,recursive_doubling,32,5,28672,4587520,2.5,0.114688,0.149,2.763688
commodity_fast_lan,ring_allreduce,32,62,28672,1777664,31.0,1.4221312,1.8476,34.2697312
commodity_fast_lan,binary_tree_reduce,32,5,57344,1777664,2.5,0.229376,0.1975,2.926876
commodity_fast_lan,binary_tree_allreduce,32,10,57344,3555328,5.0,0.458752,0.395,5.853752
commodity_fast_lan,recursive_doubling,32,5,57344,9175040,2.5,0.229376,0.1975,2.926876
commodity_fast_lan,ring_allreduce,32,62,57344,3555328,31.0,2.8442624,2.449,36.293262399999996
commodity_fast_lan,binary_tree_reduce,32,5,114688,3555328,2.5,0.458752,0.29275,3.251502
commodity_fast_lan,binary_tree_allreduce,32,10,114688,7110656,5.0,0.917504,0.5855,6.503004
commodity_fast_lan,recursive_doubling,32,5,114688,18350080,2.5,0.458752,0.29275,3.251502
commodity_fast_lan,ring_allreduce,32,62,114688,7110656,31.0,5.6885248,3.6300999999999997,40.318624799999995
regional,binary_tree_reduce,4,2,16,48,5.0,0.000256,0.040999999999999995,5.041256000000001
regional,binary_tree_allreduce,4,4,16,96,10.0,0.000512,0.08199999999999999,10.082512000000001
regional,recursive_doubling,4,2,16,128,5.0,0.000256,0.040999999999999995,5.041256000000001
regional,ring_allreduce,4,6,16,96,15.0,0.000768,0.12299999999999998,15.123768
regional,binary_tree_reduce,4,2,14336,43008,5.0,0.229376,0.049400000000000006,5.278776000000001
regional,binary_tree_allreduce,4,4,14336,86016,10.0,0.458752,0.09880000000000001,10.557552000000001
regional,recursive_doubling,4,2,14336,114688,5.0,0.229376,0.049400000000000006,5.278776000000001
regional,ring_allreduce,4,6,14336,86016,15.0,0.688128,0.14820000000000003,15.836328
regional,binary_tree_reduce,4,2,28672,86016,5.0,0.458752,0.0596,5.518351999999999
regional,binary_tree_allreduce,4,4,28672,172032,10.0,0.917504,0.1192,11.036703999999999
regional,recursive_doubling,4,2,28672,229376,5.0,0.458752,0.0596,5.518351999999999
regional,ring_allreduce,4,6,28672,172032,15.0,1.376256,0.17880000000000001,16.555056
regional,binary_tree_reduce,4,2,57344,172032,5.0,0.917504,0.079,5.996504
regional,binary_tree_allreduce,4,4,57344,344064,10.0,1.835008,0.158,11.993008
regional,recursive_doubling,4,2,57344,458752,5.0,0.917504,0.079,5.996504
regional,ring_allreduce,4,6,57344,344064,15.0,2.752512,0.237,17.989511999999998
regional,binary_tree_reduce,4,2,114688,344064,5.0,1.835008,0.1171,6.952108
regional,binary_tree_allreduce,4,4,114688,688128,10.0,3.670016,0.2342,13.904216
regional,recursive_doubling,4,2,114688,917504,5.0,1.835008,0.1171,6.952108
regional,ring_allreduce,4,6,114688,688128,15.0,5.505024,0.3513,20.856323999999997
regional,binary_tree_reduce,8,3,16,112,7.5,0.000384,0.06149999999999999,7.561884
regional,binary_tree_allreduce,8,6,16,224,15.0,0.000768,0.12299999999999998,15.123768
regional,recursive_doubling,8,3,16,384,7.5,0.000384,0.06149999999999999,7.561884
regional,ring_allreduce,8,14,16,224,35.0,0.001792,0.287,35.288792
regional,binary_tree_reduce,8,3,14336,100352,7.5,0.344064,0.07410000000000001,7.918164
regional,binary_tree_allreduce,8,6,14336,200704,15.0,0.688128,0.14820000000000003,15.836328
regional,recursive_doubling,8,3,14336,344064,7.5,0.344064,0.07410000000000001,7.918164
regional,ring_allreduce,8,14,14336,200704,35.0,1.605632,0.34580000000000005,36.951432
regional,binary_tree_reduce,8,3,28672,200704,7.5,0.688128,0.08940000000000001,8.277528
regional,binary_tree_allreduce,8,6,28672,401408,15.0,1.376256,0.17880000000000001,16.555056
regional,recursive_doubling,8,3,28672,688128,7.5,0.688128,0.08940000000000001,8.277528
regional,ring_allreduce,8,14,28672,401408,35.0,3.211264,0.4172,38.628464
regional,binary_tree_reduce,8,3,57344,401408,7.5,1.376256,0.1185,8.994755999999999
regional,binary_tree_allreduce,8,6,57344,802816,15.0,2.752512,0.237,17.989511999999998
regional,recursive_doubling,8,3,57344,1376256,7.5,1.376256,0.1185,8.994755999999999
regional,ring_allreduce,8,14,57344,802816,35.0,6.422528,0.553,41.975528
regional,binary_tree_reduce,8,3,114688,802816,7.5,2.752512,0.17565,10.428161999999999
regional,binary_tree_allreduce,8,6,114688,1605632,15.0,5.505024,0.3513,20.856323999999997
regional,recursive_doubling,8,3,114688,2752512,7.5,2.752512,0.17565,10.428161999999999
regional,ring_allreduce,8,14,114688,1605632,35.0,12.845056,0.8197,48.664756
regional,binary_tree_reduce,16,4,16,240,10.0,0.000512,0.08199999999999999,10.082512000000001
regional,binary_tree_allreduce,16,8,16,480,20.0,0.001024,0.16399999999999998,20.165024000000003
regional,recursive_doubling,16,4,16,1024,10.0,0.000512,0.08199999999999999,10.082512000000001
regional,ring_allreduce,16,30,16,480,75.0,0.00384,0.6149999999999999,75.61883999999999
regional,binary_tree_reduce,16,4,14336,215040,10.0,0.458752,0.09880000000000001,10.557552000000001
regional,binary_tree_allreduce,16,8,14336,430080,20.0,0.917504,0.19760000000000003,21.115104000000002
regional,recursive_doubling,16,4,14336,917504,10.0,0.458752,0.09880000000000001,10.557552000000001
regional,ring_allreduce,16,30,14336,430080,75.0,3.44064,0.7410000000000001,79.18164
regional,binary_tree_reduce,16,4,28672,430080,10.0,0.917504,0.1192,11.036703999999999
regional,binary_tree_allreduce,16,8,28672,860160,20.0,1.835008,0.2384,22.073407999999997
regional,recursive_doubling,16,4,28672,1835008,10.0,0.917504,0.1192,11.036703999999999
regional,ring_allreduce,16,30,28672,860160,75.0,6.88128,0.894,82.77528000000001
regional,binary_tree_reduce,16,4,57344,860160,10.0,1.835008,0.158,11.993008
regional,binary_tree_allreduce,16,8,57344,1720320,20.0,3.670016,0.316,23.986016
regional,recursive_doubling,16,4,57344,3670016,10.0,1.835008,0.158,11.993008
regional,ring_allreduce,16,30,57344,1720320,75.0,13.76256,1.185,89.94756000000001
regional,binary_tree_reduce,16,4,114688,1720320,10.0,3.670016,0.2342,13.904216
regional,binary_tree_allreduce,16,8,114688,3440640,20.0,7.340032,0.4684,27.808432
regional,recursive_doubling,16,4,114688,7340032,10.0,3.670016,0.2342,13.904216
regional,ring_allreduce,16,30,114688,3440640,75.0,27.52512,1.7565,104.28162
regional,binary_tree_reduce,32,5,16,496,12.5,0.00064,0.10249999999999998,12.60314
regional,binary_tree_allreduce,32,10,16,992,25.0,0.00128,0.20499999999999996,25.20628
regional,recursive_doubling,32,5,16,2560,12.5,0.00064,0.10249999999999998,12.60314
regional,ring_allreduce,32,62,16,992,155.0,0.007936,1.271,156.278936
regional,binary_tree_reduce,32,5,14336,444416,12.5,0.57344,0.12350000000000001,13.19694
regional,binary_tree_allreduce,32,10,14336,888832,25.0,1.14688,0.24700000000000003,26.39388
regional,recursive_doubling,32,5,14336,2293760,12.5,0.57344,0.12350000000000001,13.19694
regional,ring_allreduce,32,62,14336,888832,155.0,7.110656,1.5314,163.642056
regional,binary_tree_reduce,32,5,28672,888832,12.5,1.14688,0.149,13.795879999999999
regional,binary_tree_allreduce,32,10,28672,1777664,25.0,2.29376,0.298,27.591759999999997
regional,recursive_doubling,32,5,28672,4587520,12.5,1.14688,0.149,13.795879999999999
regional,ring_allreduce,32,62,28672,1777664,155.0,14.221312,1.8476,171.068912
regional,binary_tree_reduce,32,5,57344,1777664,12.5,2.29376,0.1975,14.991259999999999
regional,binary_tree_allreduce,32,10,57344,3555328,25.0,4.58752,0.395,29.982519999999997
regional,recursive_doubling,32,5,57344,9175040,12.5,2.29376,0.1975,14.991259999999999
regional,ring_allreduce,32,62,57344,3555328,155.0,28.442624,2.449,185.891624
regional,binary_tree_reduce,32,5,114688,3555328,12.5,4.58752,0.29275,17.38027
regional,binary_tree_allreduce,32,10,114688,7110656,25.0,9.17504,0.5855,34.76054
regional,recursive_doubling,32,5,114688,18350080,12.5,4.58752,0.29275,17.38027
regional,ring_allreduce,32,62,114688,7110656,155.0,56.885248,3.6300999999999997,215.515348
residential_wan,binary_tree_reduce,4,2,16,48,20.0,0.00256,0.040999999999999995,20.04356
residential_wan,binary_tree_allreduce,4,4,16,96,40.0,0.00512,0.08199999999999999,40.08712
residential_wan,recursive_doubling,4,2,16,128,20.0,0.00256,0.040999999999999995,20.04356
residential_wan,ring_allreduce,4,6,16,96,60.0,0.00768,0.12299999999999998,60.13068
residential_wan,binary_tree_reduce,4,2,14336,43008,20.0,2.29376,0.049400000000000006,22.343159999999997
residential_wan,binary_tree_allreduce,4,4,14336,86016,40.0,4.58752,0.09880000000000001,44.686319999999995
residential_wan,recursive_doubling,4,2,14336,114688,20.0,2.29376,0.049400000000000006,22.343159999999997
residential_wan,ring_allreduce,4,6,14336,86016,60.0,6.88128,0.14820000000000003,67.02948
residential_wan,binary_tree_reduce,4,2,28672,86016,20.0,4.58752,0.0596,24.647119999999997
residential_wan,binary_tree_allreduce,4,4,28672,172032,40.0,9.17504,0.1192,49.294239999999995
residential_wan,recursive_doubling,4,2,28672,229376,20.0,4.58752,0.0596,24.647119999999997
residential_wan,ring_allreduce,4,6,28672,172032,60.0,13.76256,0.17880000000000001,73.94136
residential_wan,binary_tree_reduce,4,2,57344,172032,20.0,9.17504,0.079,29.25404
residential_wan,binary_tree_allreduce,4,4,57344,344064,40.0,18.35008,0.158,58.50808
residential_wan,recursive_doubling,4,2,57344,458752,20.0,9.17504,0.079,29.25404
residential_wan,ring_allreduce,4,6,57344,344064,60.0,27.52512,0.237,87.76212
residential_wan,binary_tree_reduce,4,2,114688,344064,20.0,18.35008,0.1171,38.46718
residential_wan,binary_tree_allreduce,4,4,114688,688128,40.0,36.70016,0.2342,76.93436
residential_wan,recursive_doubling,4,2,114688,917504,20.0,18.35008,0.1171,38.46718
residential_wan,ring_allreduce,4,6,114688,688128,60.0,55.05024,0.3513,115.40154
residential_wan,binary_tree_reduce,8,3,16,112,30.0,0.00384,0.06149999999999999,30.06534
residential_wan,binary_tree_allreduce,8,6,16,224,60.0,0.00768,0.12299999999999998,60.13068
residential_wan,recursive_doubling,8,3,16,384,30.0,0.00384,0.06149999999999999,30.06534
residential_wan,ring_allreduce,8,14,16,224,140.0,0.01792,0.287,140.30492
residential_wan,binary_tree_reduce,8,3,14336,100352,30.0,3.44064,0.07410000000000001,33.51474
residential_wan,binary_tree_allreduce,8,6,14336,200704,60.0,6.88128,0.14820000000000003,67.02948
residential_wan,recursive_doubling,8,3,14336,344064,30.0,3.44064,0.07410000000000001,33.51474
residential_wan,ring_allreduce,8,14,14336,200704,140.0,16.05632,0.34580000000000005,156.40212
residential_wan,binary_tree_reduce,8,3,28672,200704,30.0,6.88128,0.08940000000000001,36.97068
residential_wan,binary_tree_allreduce,8,6,28672,401408,60.0,13.76256,0.17880000000000001,73.94136
residential_wan,recursive_doubling,8,3,28672,688128,30.0,6.88128,0.08940000000000001,36.97068
residential_wan,ring_allreduce,8,14,28672,401408,140.0,32.11264,0.4172,172.52984
residential_wan,binary_tree_reduce,8,3,57344,401408,30.0,13.76256,0.1185,43.88106
residential_wan,binary_tree_allreduce,8,6,57344,802816,60.0,27.52512,0.237,87.76212
residential_wan,recursive_doubling,8,3,57344,1376256,30.0,13.76256,0.1185,43.88106
residential_wan,ring_allreduce,8,14,57344,802816,140.0,64.22528,0.553,204.77828
residential_wan,binary_tree_reduce,8,3,114688,802816,30.0,27.52512,0.17565,57.70077
residential_wan,binary_tree_allreduce,8,6,114688,1605632,60.0,55.05024,0.3513,115.40154
residential_wan,recursive_doubling,8,3,114688,2752512,30.0,27.52512,0.17565,57.70077
residential_wan,ring_allreduce,8,14,114688,1605632,140.0,128.45056,0.8197,269.27026
residential_wan,binary_tree_reduce,16,4,16,240,40.0,0.00512,0.08199999999999999,40.08712
residential_wan,binary_tree_allreduce,16,8,16,480,80.0,0.01024,0.16399999999999998,80.17424
residential_wan,recursive_doubling,16,4,16,1024,40.0,0.00512,0.08199999999999999,40.08712
residential_wan,ring_allreduce,16,30,16,480,300.0,0.0384,0.6149999999999999,300.65340000000003
residential_wan,binary_tree_reduce,16,4,14336,215040,40.0,4.58752,0.09880000000000001,44.686319999999995
residential_wan,binary_tree_allreduce,16,8,14336,430080,80.0,9.17504,0.19760000000000003,89.37263999999999
residential_wan,recursive_doubling,16,4,14336,917504,40.0,4.58752,0.09880000000000001,44.686319999999995
residential_wan,ring_allreduce,16,30,14336,430080,300.0,34.4064,0.7410000000000001,335.1474
residential_wan,binary_tree_reduce,16,4,28672,430080,40.0,9.17504,0.1192,49.294239999999995
residential_wan,binary_tree_allreduce,16,8,28672,860160,80.0,18.35008,0.2384,98.58847999999999
residential_wan,recursive_doubling,16,4,28672,1835008,40.0,9.17504,0.1192,49.294239999999995
residential_wan,ring_allreduce,16,30,28672,860160,300.0,68.8128,0.894,369.7068
residential_wan,binary_tree_reduce,16,4,57344,860160,40.0,18.35008,0.158,58.50808
residential_wan,binary_tree_allreduce,16,8,57344,1720320,80.0,36.70016,0.316,117.01616
residential_wan,recursive_doubling,16,4,57344,3670016,40.0,18.35008,0.158,58.50808
residential_wan,ring_allreduce,16,30,57344,1720320,300.0,137.6256,1.185,438.81059999999997
residential_wan,binary_tree_reduce,16,4,114688,1720320,40.0,36.70016,0.2342,76.93436
residential_wan,binary_tree_allreduce,16,8,114688,3440640,80.0,73.40032,0.4684,153.86872
residential_wan,recursive_doubling,16,4,114688,7340032,40.0,36.70016,0.2342,76.93436
residential_wan,ring_allreduce,16,30,114688,3440640,300.0,275.2512,1.7565,577.0076999999999
residential_wan,binary_tree_reduce,32,5,16,496,50.0,0.0064,0.10249999999999998,50.1089
residential_wan,binary_tree_allreduce,32,10,16,992,100.0,0.0128,0.20499999999999996,100.2178
residential_wan,recursive_doubling,32,5,16,2560,50.0,0.0064,0.10249999999999998,50.1089
residential_wan,ring_allreduce,32,62,16,992,620.0,0.07936,1.271,621.3503599999999
residential_wan,binary_tree_reduce,32,5,14336,444416,50.0,5.7344,0.12350000000000001,55.8579
residential_wan,binary_tree_allreduce,32,10,14336,888832,100.0,11.4688,0.24700000000000003,111.7158
residential_wan,recursive_doubling,32,5,14336,2293760,50.0,5.7344,0.12350000000000001,55.8579
residential_wan,ring_allreduce,32,62,14336,888832,620.0,71.10656,1.5314,692.6379599999999
residential_wan,binary_tree_reduce,32,5,28672,888832,50.0,11.4688,0.149,61.6178
residential_wan,binary_tree_allreduce,32,10,28672,1777664,100.0,22.9376,0.298,123.2356
residential_wan,recursive_doubling,32,5,28672,4587520,50.0,11.4688,0.149,61.6178
residential_wan,ring_allreduce,32,62,28672,1777664,620.0,142.21312,1.8476,764.06072
residential_wan,binary_tree_reduce,32,5,57344,1777664,50.0,22.9376,0.1975,73.13510000000001
residential_wan,binary_tree_allreduce,32,10,57344,3555328,100.0,45.8752,0.395,146.27020000000002
residential_wan,recursive_doubling,32,5,57344,9175040,50.0,22.9376,0.1975,73.13510000000001
residential_wan,ring_allreduce,32,62,57344,3555328,620.0,284.42624,2.449,906.87524
residential_wan,binary_tree_reduce,32,5,114688,3555328,50.0,45.8752,0.29275,96.16795
residential_wan,binary_tree_allreduce,32,10,114688,7110656,100.0,91.7504,0.5855,192.3359
residential_wan,recursive_doubling,32,5,114688,18350080,50.0,45.8752,0.29275,96.16795
residential_wan,ring_allreduce,32,62,114688,7110656,620.0,568.85248,3.6300999999999997,1192.48258
