layer,worker_id,operator,duration_ms,runtime_weight_bytes,evidence_class
1,kda.layer-1.p8.worker-00,KDA_attention_stripe,0.5447,32102448,PHYSICAL_SHARD_EXECUTION
1,kda.layer-1.p8.worker-01,KDA_attention_stripe,0.5408,32102448,PHYSICAL_SHARD_EXECUTION
1,kda.layer-1.p8.worker-02,KDA_attention_stripe,0.54,32102448,PHYSICAL_SHARD_EXECUTION
1,kda.layer-1.p8.worker-03,KDA_attention_stripe,0.5468,32102448,PHYSICAL_SHARD_EXECUTION
1,kda.layer-1.p8.worker-04,KDA_attention_stripe,0.5424,32102448,PHYSICAL_SHARD_EXECUTION
1,kda.layer-1.p8.worker-05,KDA_attention_stripe,0.6485,32102448,PHYSICAL_SHARD_EXECUTION
1,kda.layer-1.p8.worker-06,KDA_attention_stripe,0.5523,32102448,PHYSICAL_SHARD_EXECUTION
1,kda.layer-1.p8.worker-07,KDA_attention_stripe,0.5456,32102448,PHYSICAL_SHARD_EXECUTION
1,layer-01.attnres-worker,attention_attnres_mix,0.32,0,PHYSICAL_SHARD_EXECUTION
1,kda.layer-1.p8.worker-00,KDA_attention_stripe,0.5447,32102448,PHYSICAL_SHARD_EXECUTION
1,kda.layer-1.p8.worker-01,KDA_attention_stripe,0.5408,32102448,PHYSICAL_SHARD_EXECUTION
1,kda.layer-1.p8.worker-02,KDA_attention_stripe,0.54,32102448,PHYSICAL_SHARD_EXECUTION
1,kda.layer-1.p8.worker-03,KDA_attention_stripe,0.5468,32102448,PHYSICAL_SHARD_EXECUTION
1,kda.layer-1.p8.worker-04,KDA_attention_stripe,0.5424,32102448,PHYSICAL_SHARD_EXECUTION
1,kda.layer-1.p8.worker-05,KDA_attention_stripe,0.6485,32102448,PHYSICAL_SHARD_EXECUTION
1,kda.layer-1.p8.worker-06,KDA_attention_stripe,0.5523,32102448,PHYSICAL_SHARD_EXECUTION
1,kda.layer-1.p8.worker-07,KDA_attention_stripe,0.5456,32102448,PHYSICAL_SHARD_EXECUTION
1,layer-01.attnres-worker,mlp_attnres_mix,0.2053,0,PHYSICAL_SHARD_EXECUTION
1,layer-01.router-worker,router,14.2561,0,PHYSICAL_SHARD_EXECUTION
1,latent-down.layer-1.worker-00,latent_down_projection_stripe,0.0559,1806336,PHYSICAL_SHARD_EXECUTION
1,latent-down.layer-1.worker-01,latent_down_projection_stripe,0.0616,1806336,PHYSICAL_SHARD_EXECUTION
1,latent-down.layer-1.worker-02,latent_down_projection_stripe,0.0964,1806336,PHYSICAL_SHARD_EXECUTION
1,latent-down.layer-1.worker-03,latent_down_projection_stripe,0.0659,1806336,PHYSICAL_SHARD_EXECUTION
1,latent-down.layer-1.worker-04,latent_down_projection_stripe,0.0599,1806336,PHYSICAL_SHARD_EXECUTION
1,latent-down.layer-1.worker-05,latent_down_projection_stripe,0.0628,1806336,PHYSICAL_SHARD_EXECUTION
1,latent-down.layer-1.worker-06,latent_down_projection_stripe,0.0606,1806336,PHYSICAL_SHARD_EXECUTION
1,latent-down.layer-1.worker-07,latent_down_projection_stripe,0.0617,1806336,PHYSICAL_SHARD_EXECUTION
1,layer-01.expert-bank.worker-00,grouped_expert_stripe_bank_top16,1.8062,35094528,PHYSICAL_SHARD_EXECUTION
1,layer-01.expert-bank.worker-01,grouped_expert_stripe_bank_top16,0.571,35094528,PHYSICAL_SHARD_EXECUTION
1,layer-01.expert-bank.worker-02,grouped_expert_stripe_bank_top16,0.5066,35094528,PHYSICAL_SHARD_EXECUTION
1,layer-01.expert-bank.worker-03,grouped_expert_stripe_bank_top16,0.4815,35094528,PHYSICAL_SHARD_EXECUTION
1,layer-01.expert-bank.worker-04,grouped_expert_stripe_bank_top16,0.531,35094528,PHYSICAL_SHARD_EXECUTION
1,layer-01.expert-bank.worker-05,grouped_expert_stripe_bank_top16,0.7451,35094528,PHYSICAL_SHARD_EXECUTION
1,layer-01.expert-bank.worker-06,grouped_expert_stripe_bank_top16,0.5081,35094528,PHYSICAL_SHARD_EXECUTION
1,layer-01.expert-bank.worker-07,grouped_expert_stripe_bank_top16,0.4647,35094528,PHYSICAL_SHARD_EXECUTION
1,layer-1.latent_up_projection_stripe.worker-00,latent_up_projection_stripe,0.0753,1806336,PHYSICAL_SHARD_EXECUTION
1,layer-1.latent_up_projection_stripe.worker-01,latent_up_projection_stripe,0.0717,1806336,PHYSICAL_SHARD_EXECUTION
1,layer-1.latent_up_projection_stripe.worker-02,latent_up_projection_stripe,0.0651,1806336,PHYSICAL_SHARD_EXECUTION
1,layer-1.latent_up_projection_stripe.worker-03,latent_up_projection_stripe,0.0702,1806336,PHYSICAL_SHARD_EXECUTION
1,layer-1.latent_up_projection_stripe.worker-04,latent_up_projection_stripe,0.0629,1806336,PHYSICAL_SHARD_EXECUTION
1,layer-1.latent_up_projection_stripe.worker-05,latent_up_projection_stripe,1.1152,1806336,PHYSICAL_SHARD_EXECUTION
1,layer-1.latent_up_projection_stripe.worker-06,latent_up_projection_stripe,0.0621,1806336,PHYSICAL_SHARD_EXECUTION
1,layer-1.latent_up_projection_stripe.worker-07,latent_up_projection_stripe,0.0611,1806336,PHYSICAL_SHARD_EXECUTION
1,layer-01.shared_expert_stripe.worker-00,shared_expert_stripe,0.182,9289728,PHYSICAL_SHARD_EXECUTION
1,layer-01.shared_expert_stripe.worker-01,shared_expert_stripe,0.2438,9289728,PHYSICAL_SHARD_EXECUTION
1,layer-01.shared_expert_stripe.worker-02,shared_expert_stripe,0.2014,9289728,PHYSICAL_SHARD_EXECUTION
1,layer-01.shared_expert_stripe.worker-03,shared_expert_stripe,0.2087,9289728,PHYSICAL_SHARD_EXECUTION
1,layer-01.shared_expert_stripe.worker-04,shared_expert_stripe,0.2305,9289728,PHYSICAL_SHARD_EXECUTION
1,layer-01.shared_expert_stripe.worker-05,shared_expert_stripe,0.2114,9289728,PHYSICAL_SHARD_EXECUTION
1,layer-01.shared_expert_stripe.worker-06,shared_expert_stripe,0.2332,9289728,PHYSICAL_SHARD_EXECUTION
1,layer-01.shared_expert_stripe.worker-07,shared_expert_stripe,0.4357,9289728,PHYSICAL_SHARD_EXECUTION
2,kda.layer-2.p8.worker-00,KDA_attention_stripe,0.5389,32102448,PHYSICAL_SHARD_EXECUTION
2,kda.layer-2.p8.worker-01,KDA_attention_stripe,0.5523,32102448,PHYSICAL_SHARD_EXECUTION
2,kda.layer-2.p8.worker-02,KDA_attention_stripe,0.5322,32102448,PHYSICAL_SHARD_EXECUTION
2,kda.layer-2.p8.worker-03,KDA_attention_stripe,0.5403,32102448,PHYSICAL_SHARD_EXECUTION
2,kda.layer-2.p8.worker-04,KDA_attention_stripe,0.5497,32102448,PHYSICAL_SHARD_EXECUTION
2,kda.layer-2.p8.worker-05,KDA_attention_stripe,0.5994,32102448,PHYSICAL_SHARD_EXECUTION
2,kda.layer-2.p8.worker-06,KDA_attention_stripe,0.5441,32102448,PHYSICAL_SHARD_EXECUTION
2,kda.layer-2.p8.worker-07,KDA_attention_stripe,0.5467,32102448,PHYSICAL_SHARD_EXECUTION
2,layer-02.attnres-worker,attention_attnres_mix,0.3075,0,PHYSICAL_SHARD_EXECUTION
2,kda.layer-2.p8.worker-00,KDA_attention_stripe,0.5389,32102448,PHYSICAL_SHARD_EXECUTION
2,kda.layer-2.p8.worker-01,KDA_attention_stripe,0.5523,32102448,PHYSICAL_SHARD_EXECUTION
2,kda.layer-2.p8.worker-02,KDA_attention_stripe,0.5322,32102448,PHYSICAL_SHARD_EXECUTION
2,kda.layer-2.p8.worker-03,KDA_attention_stripe,0.5403,32102448,PHYSICAL_SHARD_EXECUTION
2,kda.layer-2.p8.worker-04,KDA_attention_stripe,0.5497,32102448,PHYSICAL_SHARD_EXECUTION
2,kda.layer-2.p8.worker-05,KDA_attention_stripe,0.5994,32102448,PHYSICAL_SHARD_EXECUTION
2,kda.layer-2.p8.worker-06,KDA_attention_stripe,0.5441,32102448,PHYSICAL_SHARD_EXECUTION
2,kda.layer-2.p8.worker-07,KDA_attention_stripe,0.5467,32102448,PHYSICAL_SHARD_EXECUTION
2,layer-02.attnres-worker,mlp_attnres_mix,0.2906,0,PHYSICAL_SHARD_EXECUTION
2,layer-02.router-worker,router,14.2033,0,PHYSICAL_SHARD_EXECUTION
2,latent-down.layer-2.worker-00,latent_down_projection_stripe,1.14,1806336,PHYSICAL_SHARD_EXECUTION
2,latent-down.layer-2.worker-01,latent_down_projection_stripe,0.0544,1806336,PHYSICAL_SHARD_EXECUTION
2,latent-down.layer-2.worker-02,latent_down_projection_stripe,0.0984,1806336,PHYSICAL_SHARD_EXECUTION
2,latent-down.layer-2.worker-03,latent_down_projection_stripe,0.0594,1806336,PHYSICAL_SHARD_EXECUTION
2,latent-down.layer-2.worker-04,latent_down_projection_stripe,0.0678,1806336,PHYSICAL_SHARD_EXECUTION
2,latent-down.layer-2.worker-05,latent_down_projection_stripe,0.0617,1806336,PHYSICAL_SHARD_EXECUTION
2,latent-down.layer-2.worker-06,latent_down_projection_stripe,0.0638,1806336,PHYSICAL_SHARD_EXECUTION
2,latent-down.layer-2.worker-07,latent_down_projection_stripe,0.0576,1806336,PHYSICAL_SHARD_EXECUTION
2,layer-02.expert-bank.worker-00,grouped_expert_stripe_bank_top16,1.2324,35094528,PHYSICAL_SHARD_EXECUTION
2,layer-02.expert-bank.worker-01,grouped_expert_stripe_bank_top16,0.8434,35094528,PHYSICAL_SHARD_EXECUTION
2,layer-02.expert-bank.worker-02,grouped_expert_stripe_bank_top16,0.5303,35094528,PHYSICAL_SHARD_EXECUTION
2,layer-02.expert-bank.worker-03,grouped_expert_stripe_bank_top16,0.4598,35094528,PHYSICAL_SHARD_EXECUTION
2,layer-02.expert-bank.worker-04,grouped_expert_stripe_bank_top16,0.5131,35094528,PHYSICAL_SHARD_EXECUTION
2,layer-02.expert-bank.worker-05,grouped_expert_stripe_bank_top16,0.4499,35094528,PHYSICAL_SHARD_EXECUTION
2,layer-02.expert-bank.worker-06,grouped_expert_stripe_bank_top16,0.4975,35094528,PHYSICAL_SHARD_EXECUTION
2,layer-02.expert-bank.worker-07,grouped_expert_stripe_bank_top16,0.4397,35094528,PHYSICAL_SHARD_EXECUTION
2,layer-2.latent_up_projection_stripe.worker-00,latent_up_projection_stripe,0.0708,1806336,PHYSICAL_SHARD_EXECUTION
2,layer-2.latent_up_projection_stripe.worker-01,latent_up_projection_stripe,0.0659,1806336,PHYSICAL_SHARD_EXECUTION
2,layer-2.latent_up_projection_stripe.worker-02,latent_up_projection_stripe,0.0646,1806336,PHYSICAL_SHARD_EXECUTION
2,layer-2.latent_up_projection_stripe.worker-03,latent_up_projection_stripe,0.078,1806336,PHYSICAL_SHARD_EXECUTION
2,layer-2.latent_up_projection_stripe.worker-04,latent_up_projection_stripe,0.062,1806336,PHYSICAL_SHARD_EXECUTION
2,layer-2.latent_up_projection_stripe.worker-05,latent_up_projection_stripe,0.0649,1806336,PHYSICAL_SHARD_EXECUTION
2,layer-2.latent_up_projection_stripe.worker-06,latent_up_projection_stripe,0.062,1806336,PHYSICAL_SHARD_EXECUTION
2,layer-2.latent_up_projection_stripe.worker-07,latent_up_projection_stripe,0.0588,1806336,PHYSICAL_SHARD_EXECUTION
2,layer-02.shared_expert_stripe.worker-00,shared_expert_stripe,0.1877,9289728,PHYSICAL_SHARD_EXECUTION
2,layer-02.shared_expert_stripe.worker-01,shared_expert_stripe,0.1779,9289728,PHYSICAL_SHARD_EXECUTION
2,layer-02.shared_expert_stripe.worker-02,shared_expert_stripe,0.1847,9289728,PHYSICAL_SHARD_EXECUTION
2,layer-02.shared_expert_stripe.worker-03,shared_expert_stripe,0.2003,9289728,PHYSICAL_SHARD_EXECUTION
2,layer-02.shared_expert_stripe.worker-04,shared_expert_stripe,0.2142,9289728,PHYSICAL_SHARD_EXECUTION
2,layer-02.shared_expert_stripe.worker-05,shared_expert_stripe,0.7774,9289728,PHYSICAL_SHARD_EXECUTION
2,layer-02.shared_expert_stripe.worker-06,shared_expert_stripe,0.2034,9289728,PHYSICAL_SHARD_EXECUTION
2,layer-02.shared_expert_stripe.worker-07,shared_expert_stripe,0.1806,9289728,PHYSICAL_SHARD_EXECUTION
3,mla.layer-3.p8.worker-00,Gated_MLA_attention_stripe,0.383,27188224,PHYSICAL_SHARD_EXECUTION
3,mla.layer-3.p8.worker-01,Gated_MLA_attention_stripe,0.3822,27188224,PHYSICAL_SHARD_EXECUTION
3,mla.layer-3.p8.worker-02,Gated_MLA_attention_stripe,0.3939,27188224,PHYSICAL_SHARD_EXECUTION
3,mla.layer-3.p8.worker-03,Gated_MLA_attention_stripe,0.3838,27188224,PHYSICAL_SHARD_EXECUTION
3,mla.layer-3.p8.worker-04,Gated_MLA_attention_stripe,0.3871,27188224,PHYSICAL_SHARD_EXECUTION
3,mla.layer-3.p8.worker-05,Gated_MLA_attention_stripe,0.3848,27188224,PHYSICAL_SHARD_EXECUTION
3,mla.layer-3.p8.worker-06,Gated_MLA_attention_stripe,0.3837,27188224,PHYSICAL_SHARD_EXECUTION
3,mla.layer-3.p8.worker-07,Gated_MLA_attention_stripe,0.3831,27188224,PHYSICAL_SHARD_EXECUTION
3,layer-03.attnres-worker,attention_attnres_mix,0.3184,0,PHYSICAL_SHARD_EXECUTION
3,mla.layer-3.p8.worker-00,Gated_MLA_attention_stripe,0.383,27188224,PHYSICAL_SHARD_EXECUTION
3,mla.layer-3.p8.worker-01,Gated_MLA_attention_stripe,0.3822,27188224,PHYSICAL_SHARD_EXECUTION
3,mla.layer-3.p8.worker-02,Gated_MLA_attention_stripe,0.3939,27188224,PHYSICAL_SHARD_EXECUTION
3,mla.layer-3.p8.worker-03,Gated_MLA_attention_stripe,0.3838,27188224,PHYSICAL_SHARD_EXECUTION
3,mla.layer-3.p8.worker-04,Gated_MLA_attention_stripe,0.3871,27188224,PHYSICAL_SHARD_EXECUTION
3,mla.layer-3.p8.worker-05,Gated_MLA_attention_stripe,0.3848,27188224,PHYSICAL_SHARD_EXECUTION
3,mla.layer-3.p8.worker-06,Gated_MLA_attention_stripe,0.3837,27188224,PHYSICAL_SHARD_EXECUTION
3,mla.layer-3.p8.worker-07,Gated_MLA_attention_stripe,0.3831,27188224,PHYSICAL_SHARD_EXECUTION
3,layer-03.attnres-worker,mlp_attnres_mix,0.2169,0,PHYSICAL_SHARD_EXECUTION
3,layer-03.router-worker,router,14.1714,0,PHYSICAL_SHARD_EXECUTION
3,latent-down.layer-3.worker-00,latent_down_projection_stripe,0.0585,1806336,PHYSICAL_SHARD_EXECUTION
3,latent-down.layer-3.worker-01,latent_down_projection_stripe,0.0557,1806336,PHYSICAL_SHARD_EXECUTION
3,latent-down.layer-3.worker-02,latent_down_projection_stripe,0.0604,1806336,PHYSICAL_SHARD_EXECUTION
3,latent-down.layer-3.worker-03,latent_down_projection_stripe,0.093,1806336,PHYSICAL_SHARD_EXECUTION
3,latent-down.layer-3.worker-04,latent_down_projection_stripe,0.1079,1806336,PHYSICAL_SHARD_EXECUTION
3,latent-down.layer-3.worker-05,latent_down_projection_stripe,0.0612,1806336,PHYSICAL_SHARD_EXECUTION
3,latent-down.layer-3.worker-06,latent_down_projection_stripe,0.0595,1806336,PHYSICAL_SHARD_EXECUTION
3,latent-down.layer-3.worker-07,latent_down_projection_stripe,0.0946,1806336,PHYSICAL_SHARD_EXECUTION
3,layer-03.expert-bank.worker-00,grouped_expert_stripe_bank_top16,1.4707,35094528,PHYSICAL_SHARD_EXECUTION
3,layer-03.expert-bank.worker-01,grouped_expert_stripe_bank_top16,0.5322,35094528,PHYSICAL_SHARD_EXECUTION
3,layer-03.expert-bank.worker-02,grouped_expert_stripe_bank_top16,0.8248,35094528,PHYSICAL_SHARD_EXECUTION
3,layer-03.expert-bank.worker-03,grouped_expert_stripe_bank_top16,0.5744,35094528,PHYSICAL_SHARD_EXECUTION
3,layer-03.expert-bank.worker-04,grouped_expert_stripe_bank_top16,0.5437,35094528,PHYSICAL_SHARD_EXECUTION
3,layer-03.expert-bank.worker-05,grouped_expert_stripe_bank_top16,0.4658,35094528,PHYSICAL_SHARD_EXECUTION
3,layer-03.expert-bank.worker-06,grouped_expert_stripe_bank_top16,0.5319,35094528,PHYSICAL_SHARD_EXECUTION
3,layer-03.expert-bank.worker-07,grouped_expert_stripe_bank_top16,0.4862,35094528,PHYSICAL_SHARD_EXECUTION
3,layer-3.latent_up_projection_stripe.worker-00,latent_up_projection_stripe,0.0624,1806336,PHYSICAL_SHARD_EXECUTION
3,layer-3.latent_up_projection_stripe.worker-01,latent_up_projection_stripe,0.065,1806336,PHYSICAL_SHARD_EXECUTION
3,layer-3.latent_up_projection_stripe.worker-02,latent_up_projection_stripe,0.0696,1806336,PHYSICAL_SHARD_EXECUTION
3,layer-3.latent_up_projection_stripe.worker-03,latent_up_projection_stripe,0.0646,1806336,PHYSICAL_SHARD_EXECUTION
3,layer-3.latent_up_projection_stripe.worker-04,latent_up_projection_stripe,0.0704,1806336,PHYSICAL_SHARD_EXECUTION
3,layer-3.latent_up_projection_stripe.worker-05,latent_up_projection_stripe,0.062,1806336,PHYSICAL_SHARD_EXECUTION
3,layer-3.latent_up_projection_stripe.worker-06,latent_up_projection_stripe,0.0609,1806336,PHYSICAL_SHARD_EXECUTION
3,layer-3.latent_up_projection_stripe.worker-07,latent_up_projection_stripe,0.0615,1806336,PHYSICAL_SHARD_EXECUTION
3,layer-03.shared_expert_stripe.worker-00,shared_expert_stripe,0.1811,9289728,PHYSICAL_SHARD_EXECUTION
3,layer-03.shared_expert_stripe.worker-01,shared_expert_stripe,0.1676,9289728,PHYSICAL_SHARD_EXECUTION
3,layer-03.shared_expert_stripe.worker-02,shared_expert_stripe,0.2913,9289728,PHYSICAL_SHARD_EXECUTION
3,layer-03.shared_expert_stripe.worker-03,shared_expert_stripe,0.2552,9289728,PHYSICAL_SHARD_EXECUTION
3,layer-03.shared_expert_stripe.worker-04,shared_expert_stripe,0.2787,9289728,PHYSICAL_SHARD_EXECUTION
3,layer-03.shared_expert_stripe.worker-05,shared_expert_stripe,0.2879,9289728,PHYSICAL_SHARD_EXECUTION
3,layer-03.shared_expert_stripe.worker-06,shared_expert_stripe,0.284,9289728,PHYSICAL_SHARD_EXECUTION
3,layer-03.shared_expert_stripe.worker-07,shared_expert_stripe,0.2581,9289728,PHYSICAL_SHARD_EXECUTION
4,kda.layer-4.p8.worker-00,KDA_attention_stripe,0.9596,32102448,PHYSICAL_SHARD_EXECUTION
4,kda.layer-4.p8.worker-01,KDA_attention_stripe,0.5306,32102448,PHYSICAL_SHARD_EXECUTION
4,kda.layer-4.p8.worker-02,KDA_attention_stripe,0.5414,32102448,PHYSICAL_SHARD_EXECUTION
4,kda.layer-4.p8.worker-03,KDA_attention_stripe,0.54,32102448,PHYSICAL_SHARD_EXECUTION
4,kda.layer-4.p8.worker-04,KDA_attention_stripe,0.5414,32102448,PHYSICAL_SHARD_EXECUTION
4,kda.layer-4.p8.worker-05,KDA_attention_stripe,0.5438,32102448,PHYSICAL_SHARD_EXECUTION
4,kda.layer-4.p8.worker-06,KDA_attention_stripe,0.5541,32102448,PHYSICAL_SHARD_EXECUTION
4,kda.layer-4.p8.worker-07,KDA_attention_stripe,0.5437,32102448,PHYSICAL_SHARD_EXECUTION
4,layer-04.attnres-worker,attention_attnres_mix,0.2154,0,PHYSICAL_SHARD_EXECUTION
4,kda.layer-4.p8.worker-00,KDA_attention_stripe,0.9596,32102448,PHYSICAL_SHARD_EXECUTION
4,kda.layer-4.p8.worker-01,KDA_attention_stripe,0.5306,32102448,PHYSICAL_SHARD_EXECUTION
4,kda.layer-4.p8.worker-02,KDA_attention_stripe,0.5414,32102448,PHYSICAL_SHARD_EXECUTION
4,kda.layer-4.p8.worker-03,KDA_attention_stripe,0.54,32102448,PHYSICAL_SHARD_EXECUTION
4,kda.layer-4.p8.worker-04,KDA_attention_stripe,0.5414,32102448,PHYSICAL_SHARD_EXECUTION
4,kda.layer-4.p8.worker-05,KDA_attention_stripe,0.5438,32102448,PHYSICAL_SHARD_EXECUTION
4,kda.layer-4.p8.worker-06,KDA_attention_stripe,0.5541,32102448,PHYSICAL_SHARD_EXECUTION
4,kda.layer-4.p8.worker-07,KDA_attention_stripe,0.5437,32102448,PHYSICAL_SHARD_EXECUTION
4,layer-04.attnres-worker,mlp_attnres_mix,0.3587,0,PHYSICAL_SHARD_EXECUTION
4,layer-04.router-worker,router,14.184,0,PHYSICAL_SHARD_EXECUTION
4,latent-down.layer-4.worker-00,latent_down_projection_stripe,0.0625,1806336,PHYSICAL_SHARD_EXECUTION
4,latent-down.layer-4.worker-01,latent_down_projection_stripe,0.0588,1806336,PHYSICAL_SHARD_EXECUTION
4,latent-down.layer-4.worker-02,latent_down_projection_stripe,0.0624,1806336,PHYSICAL_SHARD_EXECUTION
4,latent-down.layer-4.worker-03,latent_down_projection_stripe,0.4427,1806336,PHYSICAL_SHARD_EXECUTION
4,latent-down.layer-4.worker-04,latent_down_projection_stripe,0.0607,1806336,PHYSICAL_SHARD_EXECUTION
4,latent-down.layer-4.worker-05,latent_down_projection_stripe,0.0718,1806336,PHYSICAL_SHARD_EXECUTION
4,latent-down.layer-4.worker-06,latent_down_projection_stripe,0.0635,1806336,PHYSICAL_SHARD_EXECUTION
4,latent-down.layer-4.worker-07,latent_down_projection_stripe,0.0624,1806336,PHYSICAL_SHARD_EXECUTION
4,layer-04.expert-bank.worker-00,grouped_expert_stripe_bank_top16,1.4366,35094528,PHYSICAL_SHARD_EXECUTION
4,layer-04.expert-bank.worker-01,grouped_expert_stripe_bank_top16,0.5989,35094528,PHYSICAL_SHARD_EXECUTION
4,layer-04.expert-bank.worker-02,grouped_expert_stripe_bank_top16,0.5998,35094528,PHYSICAL_SHARD_EXECUTION
4,layer-04.expert-bank.worker-03,grouped_expert_stripe_bank_top16,0.5052,35094528,PHYSICAL_SHARD_EXECUTION
4,layer-04.expert-bank.worker-04,grouped_expert_stripe_bank_top16,0.6099,35094528,PHYSICAL_SHARD_EXECUTION
4,layer-04.expert-bank.worker-05,grouped_expert_stripe_bank_top16,3.9196,35094528,PHYSICAL_SHARD_EXECUTION
4,layer-04.expert-bank.worker-06,grouped_expert_stripe_bank_top16,0.8248,35094528,PHYSICAL_SHARD_EXECUTION
4,layer-04.expert-bank.worker-07,grouped_expert_stripe_bank_top16,0.495,35094528,PHYSICAL_SHARD_EXECUTION
4,layer-4.latent_up_projection_stripe.worker-00,latent_up_projection_stripe,0.114,1806336,PHYSICAL_SHARD_EXECUTION
4,layer-4.latent_up_projection_stripe.worker-01,latent_up_projection_stripe,0.0718,1806336,PHYSICAL_SHARD_EXECUTION
4,layer-4.latent_up_projection_stripe.worker-02,latent_up_projection_stripe,0.0622,1806336,PHYSICAL_SHARD_EXECUTION
4,layer-4.latent_up_projection_stripe.worker-03,latent_up_projection_stripe,0.0634,1806336,PHYSICAL_SHARD_EXECUTION
4,layer-4.latent_up_projection_stripe.worker-04,latent_up_projection_stripe,0.0611,1806336,PHYSICAL_SHARD_EXECUTION
4,layer-4.latent_up_projection_stripe.worker-05,latent_up_projection_stripe,0.0586,1806336,PHYSICAL_SHARD_EXECUTION
4,layer-4.latent_up_projection_stripe.worker-06,latent_up_projection_stripe,1.6536,1806336,PHYSICAL_SHARD_EXECUTION
4,layer-4.latent_up_projection_stripe.worker-07,latent_up_projection_stripe,0.0586,1806336,PHYSICAL_SHARD_EXECUTION
4,layer-04.shared_expert_stripe.worker-00,shared_expert_stripe,0.2431,9289728,PHYSICAL_SHARD_EXECUTION
4,layer-04.shared_expert_stripe.worker-01,shared_expert_stripe,0.1756,9289728,PHYSICAL_SHARD_EXECUTION
4,layer-04.shared_expert_stripe.worker-02,shared_expert_stripe,0.1731,9289728,PHYSICAL_SHARD_EXECUTION
4,layer-04.shared_expert_stripe.worker-03,shared_expert_stripe,0.2346,9289728,PHYSICAL_SHARD_EXECUTION
4,layer-04.shared_expert_stripe.worker-04,shared_expert_stripe,0.2257,9289728,PHYSICAL_SHARD_EXECUTION
4,layer-04.shared_expert_stripe.worker-05,shared_expert_stripe,0.1969,9289728,PHYSICAL_SHARD_EXECUTION
4,layer-04.shared_expert_stripe.worker-06,shared_expert_stripe,0.1736,9289728,PHYSICAL_SHARD_EXECUTION
4,layer-04.shared_expert_stripe.worker-07,shared_expert_stripe,0.222,9289728,PHYSICAL_SHARD_EXECUTION
5,kda.layer-5.p8.worker-00,KDA_attention_stripe,0.5406,32102448,PHYSICAL_SHARD_EXECUTION
5,kda.layer-5.p8.worker-01,KDA_attention_stripe,0.6682,32102448,PHYSICAL_SHARD_EXECUTION
5,kda.layer-5.p8.worker-02,KDA_attention_stripe,0.5309,32102448,PHYSICAL_SHARD_EXECUTION
5,kda.layer-5.p8.worker-03,KDA_attention_stripe,0.5353,32102448,PHYSICAL_SHARD_EXECUTION
5,kda.layer-5.p8.worker-04,KDA_attention_stripe,0.5387,32102448,PHYSICAL_SHARD_EXECUTION
5,kda.layer-5.p8.worker-05,KDA_attention_stripe,0.5397,32102448,PHYSICAL_SHARD_EXECUTION
5,kda.layer-5.p8.worker-06,KDA_attention_stripe,0.5778,32102448,PHYSICAL_SHARD_EXECUTION
5,kda.layer-5.p8.worker-07,KDA_attention_stripe,0.5458,32102448,PHYSICAL_SHARD_EXECUTION
5,layer-05.attnres-worker,attention_attnres_mix,0.2199,0,PHYSICAL_SHARD_EXECUTION
5,kda.layer-5.p8.worker-00,KDA_attention_stripe,0.5406,32102448,PHYSICAL_SHARD_EXECUTION
5,kda.layer-5.p8.worker-01,KDA_attention_stripe,0.6682,32102448,PHYSICAL_SHARD_EXECUTION
5,kda.layer-5.p8.worker-02,KDA_attention_stripe,0.5309,32102448,PHYSICAL_SHARD_EXECUTION
5,kda.layer-5.p8.worker-03,KDA_attention_stripe,0.5353,32102448,PHYSICAL_SHARD_EXECUTION
5,kda.layer-5.p8.worker-04,KDA_attention_stripe,0.5387,32102448,PHYSICAL_SHARD_EXECUTION
5,kda.layer-5.p8.worker-05,KDA_attention_stripe,0.5397,32102448,PHYSICAL_SHARD_EXECUTION
5,kda.layer-5.p8.worker-06,KDA_attention_stripe,0.5778,32102448,PHYSICAL_SHARD_EXECUTION
5,kda.layer-5.p8.worker-07,KDA_attention_stripe,0.5458,32102448,PHYSICAL_SHARD_EXECUTION
5,layer-05.attnres-worker,mlp_attnres_mix,0.2139,0,PHYSICAL_SHARD_EXECUTION
5,layer-05.router-worker,router,14.2283,0,PHYSICAL_SHARD_EXECUTION
5,latent-down.layer-5.worker-00,latent_down_projection_stripe,0.0956,1806336,PHYSICAL_SHARD_EXECUTION
5,latent-down.layer-5.worker-01,latent_down_projection_stripe,0.0857,1806336,PHYSICAL_SHARD_EXECUTION
5,latent-down.layer-5.worker-02,latent_down_projection_stripe,0.0623,1806336,PHYSICAL_SHARD_EXECUTION
5,latent-down.layer-5.worker-03,latent_down_projection_stripe,0.0586,1806336,PHYSICAL_SHARD_EXECUTION
5,latent-down.layer-5.worker-04,latent_down_projection_stripe,0.0948,1806336,PHYSICAL_SHARD_EXECUTION
5,latent-down.layer-5.worker-05,latent_down_projection_stripe,0.0638,1806336,PHYSICAL_SHARD_EXECUTION
5,latent-down.layer-5.worker-06,latent_down_projection_stripe,0.0918,1806336,PHYSICAL_SHARD_EXECUTION
5,latent-down.layer-5.worker-07,latent_down_projection_stripe,0.0593,1806336,PHYSICAL_SHARD_EXECUTION
5,layer-05.expert-bank.worker-00,grouped_expert_stripe_bank_top16,1.4578,35094528,PHYSICAL_SHARD_EXECUTION
5,layer-05.expert-bank.worker-01,grouped_expert_stripe_bank_top16,0.5941,35094528,PHYSICAL_SHARD_EXECUTION
5,layer-05.expert-bank.worker-02,grouped_expert_stripe_bank_top16,0.6161,35094528,PHYSICAL_SHARD_EXECUTION
5,layer-05.expert-bank.worker-03,grouped_expert_stripe_bank_top16,0.5002,35094528,PHYSICAL_SHARD_EXECUTION
5,layer-05.expert-bank.worker-04,grouped_expert_stripe_bank_top16,0.5473,35094528,PHYSICAL_SHARD_EXECUTION
5,layer-05.expert-bank.worker-05,grouped_expert_stripe_bank_top16,0.5137,35094528,PHYSICAL_SHARD_EXECUTION
5,layer-05.expert-bank.worker-06,grouped_expert_stripe_bank_top16,0.5827,35094528,PHYSICAL_SHARD_EXECUTION
5,layer-05.expert-bank.worker-07,grouped_expert_stripe_bank_top16,0.5049,35094528,PHYSICAL_SHARD_EXECUTION
5,layer-5.latent_up_projection_stripe.worker-00,latent_up_projection_stripe,0.0783,1806336,PHYSICAL_SHARD_EXECUTION
5,layer-5.latent_up_projection_stripe.worker-01,latent_up_projection_stripe,0.0978,1806336,PHYSICAL_SHARD_EXECUTION
5,layer-5.latent_up_projection_stripe.worker-02,latent_up_projection_stripe,0.0676,1806336,PHYSICAL_SHARD_EXECUTION
5,layer-5.latent_up_projection_stripe.worker-03,latent_up_projection_stripe,0.063,1806336,PHYSICAL_SHARD_EXECUTION
5,layer-5.latent_up_projection_stripe.worker-04,latent_up_projection_stripe,0.0602,1806336,PHYSICAL_SHARD_EXECUTION
5,layer-5.latent_up_projection_stripe.worker-05,latent_up_projection_stripe,0.0632,1806336,PHYSICAL_SHARD_EXECUTION
5,layer-5.latent_up_projection_stripe.worker-06,latent_up_projection_stripe,0.0624,1806336,PHYSICAL_SHARD_EXECUTION
5,layer-5.latent_up_projection_stripe.worker-07,latent_up_projection_stripe,0.0617,1806336,PHYSICAL_SHARD_EXECUTION
5,layer-05.shared_expert_stripe.worker-00,shared_expert_stripe,0.1942,9289728,PHYSICAL_SHARD_EXECUTION
5,layer-05.shared_expert_stripe.worker-01,shared_expert_stripe,0.2105,9289728,PHYSICAL_SHARD_EXECUTION
5,layer-05.shared_expert_stripe.worker-02,shared_expert_stripe,0.1896,9289728,PHYSICAL_SHARD_EXECUTION
5,layer-05.shared_expert_stripe.worker-03,shared_expert_stripe,0.1939,9289728,PHYSICAL_SHARD_EXECUTION
5,layer-05.shared_expert_stripe.worker-04,shared_expert_stripe,0.2228,9289728,PHYSICAL_SHARD_EXECUTION
5,layer-05.shared_expert_stripe.worker-05,shared_expert_stripe,0.1826,9289728,PHYSICAL_SHARD_EXECUTION
5,layer-05.shared_expert_stripe.worker-06,shared_expert_stripe,0.1739,9289728,PHYSICAL_SHARD_EXECUTION
5,layer-05.shared_expert_stripe.worker-07,shared_expert_stripe,0.2329,9289728,PHYSICAL_SHARD_EXECUTION
6,kda.layer-6.p8.worker-00,KDA_attention_stripe,0.5396,32102448,PHYSICAL_SHARD_EXECUTION
6,kda.layer-6.p8.worker-01,KDA_attention_stripe,0.5544,32102448,PHYSICAL_SHARD_EXECUTION
6,kda.layer-6.p8.worker-02,KDA_attention_stripe,0.5449,32102448,PHYSICAL_SHARD_EXECUTION
6,kda.layer-6.p8.worker-03,KDA_attention_stripe,0.5508,32102448,PHYSICAL_SHARD_EXECUTION
6,kda.layer-6.p8.worker-04,KDA_attention_stripe,0.8735,32102448,PHYSICAL_SHARD_EXECUTION
6,kda.layer-6.p8.worker-05,KDA_attention_stripe,0.5471,32102448,PHYSICAL_SHARD_EXECUTION
6,kda.layer-6.p8.worker-06,KDA_attention_stripe,0.5371,32102448,PHYSICAL_SHARD_EXECUTION
6,kda.layer-6.p8.worker-07,KDA_attention_stripe,0.5576,32102448,PHYSICAL_SHARD_EXECUTION
6,layer-06.attnres-worker,attention_attnres_mix,0.5013,0,PHYSICAL_SHARD_EXECUTION
6,kda.layer-6.p8.worker-00,KDA_attention_stripe,0.5396,32102448,PHYSICAL_SHARD_EXECUTION
6,kda.layer-6.p8.worker-01,KDA_attention_stripe,0.5544,32102448,PHYSICAL_SHARD_EXECUTION
6,kda.layer-6.p8.worker-02,KDA_attention_stripe,0.5449,32102448,PHYSICAL_SHARD_EXECUTION
6,kda.layer-6.p8.worker-03,KDA_attention_stripe,0.5508,32102448,PHYSICAL_SHARD_EXECUTION
6,kda.layer-6.p8.worker-04,KDA_attention_stripe,0.8735,32102448,PHYSICAL_SHARD_EXECUTION
6,kda.layer-6.p8.worker-05,KDA_attention_stripe,0.5471,32102448,PHYSICAL_SHARD_EXECUTION
6,kda.layer-6.p8.worker-06,KDA_attention_stripe,0.5371,32102448,PHYSICAL_SHARD_EXECUTION
6,kda.layer-6.p8.worker-07,KDA_attention_stripe,0.5576,32102448,PHYSICAL_SHARD_EXECUTION
6,layer-06.attnres-worker,mlp_attnres_mix,0.3636,0,PHYSICAL_SHARD_EXECUTION
6,layer-06.router-worker,router,14.2067,0,PHYSICAL_SHARD_EXECUTION
6,latent-down.layer-6.worker-00,latent_down_projection_stripe,0.0583,1806336,PHYSICAL_SHARD_EXECUTION
6,latent-down.layer-6.worker-01,latent_down_projection_stripe,0.0589,1806336,PHYSICAL_SHARD_EXECUTION
6,latent-down.layer-6.worker-02,latent_down_projection_stripe,0.0937,1806336,PHYSICAL_SHARD_EXECUTION
6,latent-down.layer-6.worker-03,latent_down_projection_stripe,0.0564,1806336,PHYSICAL_SHARD_EXECUTION
6,latent-down.layer-6.worker-04,latent_down_projection_stripe,0.0628,1806336,PHYSICAL_SHARD_EXECUTION
6,latent-down.layer-6.worker-05,latent_down_projection_stripe,0.0594,1806336,PHYSICAL_SHARD_EXECUTION
6,latent-down.layer-6.worker-06,latent_down_projection_stripe,0.0659,1806336,PHYSICAL_SHARD_EXECUTION
6,latent-down.layer-6.worker-07,latent_down_projection_stripe,0.0619,1806336,PHYSICAL_SHARD_EXECUTION
6,layer-06.expert-bank.worker-00,grouped_expert_stripe_bank_top16,1.517,35094528,PHYSICAL_SHARD_EXECUTION
6,layer-06.expert-bank.worker-01,grouped_expert_stripe_bank_top16,0.5669,35094528,PHYSICAL_SHARD_EXECUTION
6,layer-06.expert-bank.worker-02,grouped_expert_stripe_bank_top16,0.5638,35094528,PHYSICAL_SHARD_EXECUTION
6,layer-06.expert-bank.worker-03,grouped_expert_stripe_bank_top16,0.4916,35094528,PHYSICAL_SHARD_EXECUTION
6,layer-06.expert-bank.worker-04,grouped_expert_stripe_bank_top16,0.8054,35094528,PHYSICAL_SHARD_EXECUTION
6,layer-06.expert-bank.worker-05,grouped_expert_stripe_bank_top16,0.4249,35094528,PHYSICAL_SHARD_EXECUTION
6,layer-06.expert-bank.worker-06,grouped_expert_stripe_bank_top16,0.4794,35094528,PHYSICAL_SHARD_EXECUTION
6,layer-06.expert-bank.worker-07,grouped_expert_stripe_bank_top16,0.4344,35094528,PHYSICAL_SHARD_EXECUTION
6,layer-6.latent_up_projection_stripe.worker-00,latent_up_projection_stripe,0.0637,1806336,PHYSICAL_SHARD_EXECUTION
6,layer-6.latent_up_projection_stripe.worker-01,latent_up_projection_stripe,0.0708,1806336,PHYSICAL_SHARD_EXECUTION
6,layer-6.latent_up_projection_stripe.worker-02,latent_up_projection_stripe,0.0645,1806336,PHYSICAL_SHARD_EXECUTION
6,layer-6.latent_up_projection_stripe.worker-03,latent_up_projection_stripe,0.0684,1806336,PHYSICAL_SHARD_EXECUTION
6,layer-6.latent_up_projection_stripe.worker-04,latent_up_projection_stripe,0.0608,1806336,PHYSICAL_SHARD_EXECUTION
6,layer-6.latent_up_projection_stripe.worker-05,latent_up_projection_stripe,0.0917,1806336,PHYSICAL_SHARD_EXECUTION
6,layer-6.latent_up_projection_stripe.worker-06,latent_up_projection_stripe,0.0634,1806336,PHYSICAL_SHARD_EXECUTION
6,layer-6.latent_up_projection_stripe.worker-07,latent_up_projection_stripe,0.0631,1806336,PHYSICAL_SHARD_EXECUTION
6,layer-06.shared_expert_stripe.worker-00,shared_expert_stripe,0.2003,9289728,PHYSICAL_SHARD_EXECUTION
6,layer-06.shared_expert_stripe.worker-01,shared_expert_stripe,0.1929,9289728,PHYSICAL_SHARD_EXECUTION
6,layer-06.shared_expert_stripe.worker-02,shared_expert_stripe,0.1852,9289728,PHYSICAL_SHARD_EXECUTION
6,layer-06.shared_expert_stripe.worker-03,shared_expert_stripe,0.2296,9289728,PHYSICAL_SHARD_EXECUTION
6,layer-06.shared_expert_stripe.worker-04,shared_expert_stripe,0.1959,9289728,PHYSICAL_SHARD_EXECUTION
6,layer-06.shared_expert_stripe.worker-05,shared_expert_stripe,0.1791,9289728,PHYSICAL_SHARD_EXECUTION
6,layer-06.shared_expert_stripe.worker-06,shared_expert_stripe,0.1951,9289728,PHYSICAL_SHARD_EXECUTION
6,layer-06.shared_expert_stripe.worker-07,shared_expert_stripe,0.1871,9289728,PHYSICAL_SHARD_EXECUTION
7,mla.layer-7.p8.worker-00,Gated_MLA_attention_stripe,0.3879,27188224,PHYSICAL_SHARD_EXECUTION
7,mla.layer-7.p8.worker-01,Gated_MLA_attention_stripe,0.3875,27188224,PHYSICAL_SHARD_EXECUTION
7,mla.layer-7.p8.worker-02,Gated_MLA_attention_stripe,0.3834,27188224,PHYSICAL_SHARD_EXECUTION
7,mla.layer-7.p8.worker-03,Gated_MLA_attention_stripe,0.3875,27188224,PHYSICAL_SHARD_EXECUTION
7,mla.layer-7.p8.worker-04,Gated_MLA_attention_stripe,0.3843,27188224,PHYSICAL_SHARD_EXECUTION
7,mla.layer-7.p8.worker-05,Gated_MLA_attention_stripe,0.3853,27188224,PHYSICAL_SHARD_EXECUTION
7,mla.layer-7.p8.worker-06,Gated_MLA_attention_stripe,0.3834,27188224,PHYSICAL_SHARD_EXECUTION
7,mla.layer-7.p8.worker-07,Gated_MLA_attention_stripe,0.3865,27188224,PHYSICAL_SHARD_EXECUTION
7,layer-07.attnres-worker,attention_attnres_mix,0.2902,0,PHYSICAL_SHARD_EXECUTION
7,mla.layer-7.p8.worker-00,Gated_MLA_attention_stripe,0.3879,27188224,PHYSICAL_SHARD_EXECUTION
7,mla.layer-7.p8.worker-01,Gated_MLA_attention_stripe,0.3875,27188224,PHYSICAL_SHARD_EXECUTION
7,mla.layer-7.p8.worker-02,Gated_MLA_attention_stripe,0.3834,27188224,PHYSICAL_SHARD_EXECUTION
7,mla.layer-7.p8.worker-03,Gated_MLA_attention_stripe,0.3875,27188224,PHYSICAL_SHARD_EXECUTION
7,mla.layer-7.p8.worker-04,Gated_MLA_attention_stripe,0.3843,27188224,PHYSICAL_SHARD_EXECUTION
7,mla.layer-7.p8.worker-05,Gated_MLA_attention_stripe,0.3853,27188224,PHYSICAL_SHARD_EXECUTION
7,mla.layer-7.p8.worker-06,Gated_MLA_attention_stripe,0.3834,27188224,PHYSICAL_SHARD_EXECUTION
7,mla.layer-7.p8.worker-07,Gated_MLA_attention_stripe,0.3865,27188224,PHYSICAL_SHARD_EXECUTION
7,layer-07.attnres-worker,mlp_attnres_mix,0.357,0,PHYSICAL_SHARD_EXECUTION
7,layer-07.router-worker,router,14.3159,0,PHYSICAL_SHARD_EXECUTION
7,latent-down.layer-7.worker-00,latent_down_projection_stripe,0.076,1806336,PHYSICAL_SHARD_EXECUTION
7,latent-down.layer-7.worker-01,latent_down_projection_stripe,0.0645,1806336,PHYSICAL_SHARD_EXECUTION
7,latent-down.layer-7.worker-02,latent_down_projection_stripe,0.0591,1806336,PHYSICAL_SHARD_EXECUTION
7,latent-down.layer-7.worker-03,latent_down_projection_stripe,0.0908,1806336,PHYSICAL_SHARD_EXECUTION
7,latent-down.layer-7.worker-04,latent_down_projection_stripe,0.0593,1806336,PHYSICAL_SHARD_EXECUTION
7,latent-down.layer-7.worker-05,latent_down_projection_stripe,0.0553,1806336,PHYSICAL_SHARD_EXECUTION
7,latent-down.layer-7.worker-06,latent_down_projection_stripe,0.0927,1806336,PHYSICAL_SHARD_EXECUTION
7,latent-down.layer-7.worker-07,latent_down_projection_stripe,0.069,1806336,PHYSICAL_SHARD_EXECUTION
7,layer-07.expert-bank.worker-00,grouped_expert_stripe_bank_top16,1.4887,35094528,PHYSICAL_SHARD_EXECUTION
7,layer-07.expert-bank.worker-01,grouped_expert_stripe_bank_top16,0.5586,35094528,PHYSICAL_SHARD_EXECUTION
7,layer-07.expert-bank.worker-02,grouped_expert_stripe_bank_top16,0.5448,35094528,PHYSICAL_SHARD_EXECUTION
7,layer-07.expert-bank.worker-03,grouped_expert_stripe_bank_top16,0.5608,35094528,PHYSICAL_SHARD_EXECUTION
7,layer-07.expert-bank.worker-04,grouped_expert_stripe_bank_top16,0.5401,35094528,PHYSICAL_SHARD_EXECUTION
7,layer-07.expert-bank.worker-05,grouped_expert_stripe_bank_top16,0.4799,35094528,PHYSICAL_SHARD_EXECUTION
7,layer-07.expert-bank.worker-06,grouped_expert_stripe_bank_top16,0.5276,35094528,PHYSICAL_SHARD_EXECUTION
7,layer-07.expert-bank.worker-07,grouped_expert_stripe_bank_top16,0.4702,35094528,PHYSICAL_SHARD_EXECUTION
7,layer-7.latent_up_projection_stripe.worker-00,latent_up_projection_stripe,0.0723,1806336,PHYSICAL_SHARD_EXECUTION
7,layer-7.latent_up_projection_stripe.worker-01,latent_up_projection_stripe,0.0651,1806336,PHYSICAL_SHARD_EXECUTION
7,layer-7.latent_up_projection_stripe.worker-02,latent_up_projection_stripe,0.0617,1806336,PHYSICAL_SHARD_EXECUTION
7,layer-7.latent_up_projection_stripe.worker-03,latent_up_projection_stripe,0.0883,1806336,PHYSICAL_SHARD_EXECUTION
7,layer-7.latent_up_projection_stripe.worker-04,latent_up_projection_stripe,0.0618,1806336,PHYSICAL_SHARD_EXECUTION
7,layer-7.latent_up_projection_stripe.worker-05,latent_up_projection_stripe,0.0632,1806336,PHYSICAL_SHARD_EXECUTION
7,layer-7.latent_up_projection_stripe.worker-06,latent_up_projection_stripe,0.0598,1806336,PHYSICAL_SHARD_EXECUTION
7,layer-7.latent_up_projection_stripe.worker-07,latent_up_projection_stripe,0.0574,1806336,PHYSICAL_SHARD_EXECUTION
7,layer-07.shared_expert_stripe.worker-00,shared_expert_stripe,0.1911,9289728,PHYSICAL_SHARD_EXECUTION
7,layer-07.shared_expert_stripe.worker-01,shared_expert_stripe,0.2603,9289728,PHYSICAL_SHARD_EXECUTION
7,layer-07.shared_expert_stripe.worker-02,shared_expert_stripe,0.2214,9289728,PHYSICAL_SHARD_EXECUTION
7,layer-07.shared_expert_stripe.worker-03,shared_expert_stripe,0.1992,9289728,PHYSICAL_SHARD_EXECUTION
7,layer-07.shared_expert_stripe.worker-04,shared_expert_stripe,0.258,9289728,PHYSICAL_SHARD_EXECUTION
7,layer-07.shared_expert_stripe.worker-05,shared_expert_stripe,0.2248,9289728,PHYSICAL_SHARD_EXECUTION
7,layer-07.shared_expert_stripe.worker-06,shared_expert_stripe,0.1805,9289728,PHYSICAL_SHARD_EXECUTION
7,layer-07.shared_expert_stripe.worker-07,shared_expert_stripe,0.1869,9289728,PHYSICAL_SHARD_EXECUTION
8,kda.layer-8.p8.worker-00,KDA_attention_stripe,0.547,32102448,PHYSICAL_SHARD_EXECUTION
8,kda.layer-8.p8.worker-01,KDA_attention_stripe,0.5518,32102448,PHYSICAL_SHARD_EXECUTION
8,kda.layer-8.p8.worker-02,KDA_attention_stripe,0.5455,32102448,PHYSICAL_SHARD_EXECUTION
8,kda.layer-8.p8.worker-03,KDA_attention_stripe,0.5434,32102448,PHYSICAL_SHARD_EXECUTION
8,kda.layer-8.p8.worker-04,KDA_attention_stripe,0.5519,32102448,PHYSICAL_SHARD_EXECUTION
8,kda.layer-8.p8.worker-05,KDA_attention_stripe,0.5443,32102448,PHYSICAL_SHARD_EXECUTION
8,kda.layer-8.p8.worker-06,KDA_attention_stripe,0.5384,32102448,PHYSICAL_SHARD_EXECUTION
8,kda.layer-8.p8.worker-07,KDA_attention_stripe,0.8819,32102448,PHYSICAL_SHARD_EXECUTION
8,layer-08.attnres-worker,attention_attnres_mix,0.2843,0,PHYSICAL_SHARD_EXECUTION
8,kda.layer-8.p8.worker-00,KDA_attention_stripe,0.547,32102448,PHYSICAL_SHARD_EXECUTION
8,kda.layer-8.p8.worker-01,KDA_attention_stripe,0.5518,32102448,PHYSICAL_SHARD_EXECUTION
8,kda.layer-8.p8.worker-02,KDA_attention_stripe,0.5455,32102448,PHYSICAL_SHARD_EXECUTION
8,kda.layer-8.p8.worker-03,KDA_attention_stripe,0.5434,32102448,PHYSICAL_SHARD_EXECUTION
8,kda.layer-8.p8.worker-04,KDA_attention_stripe,0.5519,32102448,PHYSICAL_SHARD_EXECUTION
8,kda.layer-8.p8.worker-05,KDA_attention_stripe,0.5443,32102448,PHYSICAL_SHARD_EXECUTION
8,kda.layer-8.p8.worker-06,KDA_attention_stripe,0.5384,32102448,PHYSICAL_SHARD_EXECUTION
8,kda.layer-8.p8.worker-07,KDA_attention_stripe,0.8819,32102448,PHYSICAL_SHARD_EXECUTION
8,layer-08.attnres-worker,mlp_attnres_mix,0.4032,0,PHYSICAL_SHARD_EXECUTION
8,layer-08.router-worker,router,14.5097,0,PHYSICAL_SHARD_EXECUTION
8,latent-down.layer-8.worker-00,latent_down_projection_stripe,0.0624,1806336,PHYSICAL_SHARD_EXECUTION
8,latent-down.layer-8.worker-01,latent_down_projection_stripe,0.0581,1806336,PHYSICAL_SHARD_EXECUTION
8,latent-down.layer-8.worker-02,latent_down_projection_stripe,0.061,1806336,PHYSICAL_SHARD_EXECUTION
8,latent-down.layer-8.worker-03,latent_down_projection_stripe,0.0602,1806336,PHYSICAL_SHARD_EXECUTION
8,latent-down.layer-8.worker-04,latent_down_projection_stripe,0.0589,1806336,PHYSICAL_SHARD_EXECUTION
8,latent-down.layer-8.worker-05,latent_down_projection_stripe,0.0578,1806336,PHYSICAL_SHARD_EXECUTION
8,latent-down.layer-8.worker-06,latent_down_projection_stripe,0.0613,1806336,PHYSICAL_SHARD_EXECUTION
8,latent-down.layer-8.worker-07,latent_down_projection_stripe,0.0582,1806336,PHYSICAL_SHARD_EXECUTION
8,layer-08.expert-bank.worker-00,grouped_expert_stripe_bank_top16,1.455,35094528,PHYSICAL_SHARD_EXECUTION
8,layer-08.expert-bank.worker-01,grouped_expert_stripe_bank_top16,0.5829,35094528,PHYSICAL_SHARD_EXECUTION
8,layer-08.expert-bank.worker-02,grouped_expert_stripe_bank_top16,0.5577,35094528,PHYSICAL_SHARD_EXECUTION
8,layer-08.expert-bank.worker-03,grouped_expert_stripe_bank_top16,0.5051,35094528,PHYSICAL_SHARD_EXECUTION
8,layer-08.expert-bank.worker-04,grouped_expert_stripe_bank_top16,0.5602,35094528,PHYSICAL_SHARD_EXECUTION
8,layer-08.expert-bank.worker-05,grouped_expert_stripe_bank_top16,0.5223,35094528,PHYSICAL_SHARD_EXECUTION
8,layer-08.expert-bank.worker-06,grouped_expert_stripe_bank_top16,0.5175,35094528,PHYSICAL_SHARD_EXECUTION
8,layer-08.expert-bank.worker-07,grouped_expert_stripe_bank_top16,0.4754,35094528,PHYSICAL_SHARD_EXECUTION
8,layer-8.latent_up_projection_stripe.worker-00,latent_up_projection_stripe,0.0651,1806336,PHYSICAL_SHARD_EXECUTION
8,layer-8.latent_up_projection_stripe.worker-01,latent_up_projection_stripe,0.0649,1806336,PHYSICAL_SHARD_EXECUTION
8,layer-8.latent_up_projection_stripe.worker-02,latent_up_projection_stripe,0.0636,1806336,PHYSICAL_SHARD_EXECUTION
8,layer-8.latent_up_projection_stripe.worker-03,latent_up_projection_stripe,0.0636,1806336,PHYSICAL_SHARD_EXECUTION
8,layer-8.latent_up_projection_stripe.worker-04,latent_up_projection_stripe,0.065,1806336,PHYSICAL_SHARD_EXECUTION
8,layer-8.latent_up_projection_stripe.worker-05,latent_up_projection_stripe,0.0629,1806336,PHYSICAL_SHARD_EXECUTION
8,layer-8.latent_up_projection_stripe.worker-06,latent_up_projection_stripe,0.0616,1806336,PHYSICAL_SHARD_EXECUTION
8,layer-8.latent_up_projection_stripe.worker-07,latent_up_projection_stripe,0.0629,1806336,PHYSICAL_SHARD_EXECUTION
8,layer-08.shared_expert_stripe.worker-00,shared_expert_stripe,0.2107,9289728,PHYSICAL_SHARD_EXECUTION
8,layer-08.shared_expert_stripe.worker-01,shared_expert_stripe,0.1887,9289728,PHYSICAL_SHARD_EXECUTION
8,layer-08.shared_expert_stripe.worker-02,shared_expert_stripe,0.2102,9289728,PHYSICAL_SHARD_EXECUTION
8,layer-08.shared_expert_stripe.worker-03,shared_expert_stripe,0.1899,9289728,PHYSICAL_SHARD_EXECUTION
8,layer-08.shared_expert_stripe.worker-04,shared_expert_stripe,0.1861,9289728,PHYSICAL_SHARD_EXECUTION
8,layer-08.shared_expert_stripe.worker-05,shared_expert_stripe,0.1881,9289728,PHYSICAL_SHARD_EXECUTION
8,layer-08.shared_expert_stripe.worker-06,shared_expert_stripe,0.1826,9289728,PHYSICAL_SHARD_EXECUTION
8,layer-08.shared_expert_stripe.worker-07,shared_expert_stripe,0.2318,9289728,PHYSICAL_SHARD_EXECUTION
