microcell_id,layer_start,layer_end_exclusive,chunk_rows,service_p50_ms,cuda_p50_ms,host_overhead_p50_ms,resident_bytes,resident_gib,bottleneck_operator,phase_ms,evidence_class
0,0,8,1,103.95777939763404,67.91147799057036,36.04630140706367,130965045248,121.970703125,dense_layer_0,"{""attention_and_pre_moe"":21.70482161053664,""boundary_d2h"":2.9744979545609507,""boundary_h2d"":0.664967375254643,""dense_layer_0"":31.192425373945326,""expert_collection"":0.5792972940857998,""expert_dispatch"":0.38485115027307326,""latent_down"":2.2634792741042657,""latent_up"":1.5075543198136703,""residual"":0.5510600927158923,""routed_expert_compute"":23.244087396131768,""router"":11.348320191662294,""scatter_reduction"":0.8603448754934195,""shared_expert"":6.682072489056295}","PHYSICAL real-K3 representative layer composition, globally anchored to immutable E016/E017 serial compute"
0,0,8,2,157.14308163087708,88.85263013332975,68.29045149754731,130965045248,121.970703125,dense_layer_0,"{""attention_and_pre_moe"":18.344540006295723,""boundary_d2h"":4.532161522050261,""boundary_h2d"":1.3469205991295876,""dense_layer_0"":62.38485074789065,""expert_collection"":0.4996467718260302,""expert_dispatch"":0.45181594109064305,""latent_down"":2.6919389236997264,""latent_up"":2.029536204829817,""residual"":0.8516768576146164,""routed_expert_compute"":42.54953834196157,""router"":10.667065966809137,""scatter_reduction"":2.0565978162733645,""shared_expert"":8.736791931405941}","PHYSICAL real-K3 representative layer composition, globally anchored to immutable E016/E017 serial compute"
0,0,8,4,262.46364981050885,124.46697689655736,137.99667291395147,130965045248,121.970703125,dense_layer_0,"{""attention_and_pre_moe"":25.590697271413568,""boundary_d2h"":6.852249931305617,""boundary_h2d"":2.14900090679057,""dense_layer_0"":127.74279838372658,""expert_collection"":0.594608189565702,""expert_dispatch"":0.4857535535241041,""latent_down"":3.836268311847843,""latent_up"":3.2518403210876716,""residual"":1.8104333358723628,""routed_expert_compute"":62.102610313985075,""router"":10.232151257952506,""scatter_reduction"":3.4563872360092223,""shared_expert"":14.358850797428026}","PHYSICAL real-K3 representative layer composition, globally anchored to immutable E016/E017 serial compute"
0,0,8,8,433.55431308515927,181.46721034989866,252.08710273526057,130965045248,121.970703125,dense_layer_0,"{""attention_and_pre_moe"":48.37373523565067,""boundary_d2h"":12.311922007394504,""boundary_h2d"":3.6816914075197276,""dense_layer_0"":228.7107257387445,""expert_collection"":0.6859741963717401,""expert_dispatch"":0.4924724297569959,""latent_down"":5.596089654409253,""latent_up"":5.3488137049191735,""residual"":3.4284925147910417,""routed_expert_compute"":84.45581432456689,""router"":9.909858447161348,""scatter_reduction"":5.999635510365739,""shared_expert"":24.559087913507682}","PHYSICAL real-K3 representative layer composition, globally anchored to immutable E016/E017 serial compute"
1,8,16,1,83.34644035976599,77.94552064776785,5.400919711998134,146196660224,136.15625,routed_expert_compute,"{""attention_and_pre_moe"":25.29271540414291,""boundary_d2h"":3.0184829165674887,""boundary_h2d"":0.7737306456256621,""expert_collection"":0.4398547824792929,""expert_dispatch"":0.475068901372053,""latent_down"":2.5669545767073596,""latent_up"":1.7684929711193924,""residual"":0.5376685797775312,""routed_expert_compute"":26.545684136681043,""router"":13.048417780897125,""scatter_reduction"":1.2234879396799834,""shared_expert"":7.6558817247161475}","PHYSICAL real-K3 representative layer composition, globally anchored to immutable E016/E017 serial compute"
1,8,16,2,97.25903097827667,90.14871311394495,7.110317864331728,146196660224,136.15625,routed_expert_compute,"{""attention_and_pre_moe"":20.71785800596495,""boundary_d2h"":5.441012776802958,""boundary_h2d"":1.4033520306008802,""expert_collection"":0.5687076565453217,""expert_dispatch"":0.48131151081954127,""latent_down"":2.902501548604972,""latent_up"":2.2211581339947313,""residual"":0.8327924349901303,""routed_expert_compute"":38.93107245453059,""router"":11.87110461802609,""scatter_reduction"":2.192546632759212,""shared_expert"":9.695613174637305}","PHYSICAL real-K3 representative layer composition, globally anchored to immutable E016/E017 serial compute"
1,8,16,4,138.4675946125386,130.57312840258737,7.894466209951201,146196660224,136.15625,routed_expert_compute,"{""attention_and_pre_moe"":27.986745000345177,""boundary_d2h"":7.503716982695763,""boundary_h2d"":1.9618785007545056,""expert_collection"":0.6019900261316772,""expert_dispatch"":0.5208647537166823,""latent_down"":4.007469105524901,""latent_up"":3.497004518272502,""residual"":2.017897417353215,""routed_expert_compute"":59.740828159387135,""router"":11.242462266547241,""scatter_reduction"":3.815740637510416,""shared_expert"":15.570997244299376}","PHYSICAL real-K3 representative layer composition, globally anchored to immutable E016/E017 serial compute"
1,8,16,8,210.47461574089394,188.8376789820983,21.63693675879565,146196660224,136.15625,routed_expert_compute,"{""attention_and_pre_moe"":53.802056234448905,""boundary_d2h"":12.683057364690338,""boundary_h2d"":3.8801947195494173,""expert_collection"":0.8366692139103176,""expert_dispatch"":0.5270652576791965,""latent_down"":6.131618863273113,""latent_up"":5.85461593635378,""residual"":3.815265285877341,""routed_expert_compute"":78.84794972184952,""router"":10.827752058162218,""scatter_reduction"":6.357516150308253,""shared_expert"":26.91085493479156}","PHYSICAL real-K3 representative layer composition, globally anchored to immutable E016/E017 serial compute"
2,16,24,1,87.2991582976365,79.19202372952041,8.107134568116074,146200854528,136.16015625,routed_expert_compute,"{""attention_and_pre_moe"":26.242052280715896,""boundary_d2h"":3.1567522586110193,""boundary_h2d"":1.1671793276831641,""expert_collection"":1.1929272955237011,""expert_dispatch"":0.6446519398296825,""latent_down"":2.599818575746157,""latent_up"":1.7650246484475378,""residual"":0.748411357748363,""routed_expert_compute"":27.339547439120608,""router"":13.590381851387525,""scatter_reduction"":1.0037673192044303,""shared_expert"":7.848644003618404}","PHYSICAL real-K3 representative layer composition, globally anchored to immutable E016/E017 serial compute"
2,16,24,2,111.17360103488224,101.54732016445301,9.626280870429225,146200854528,136.16015625,routed_expert_compute,"{""attention_and_pre_moe"":21.723651151126703,""boundary_d2h"":4.618866250331179,""boundary_h2d"":1.8389777712511666,""expert_collection"":0.973878815666395,""expert_dispatch"":0.8591505792556916,""latent_down"":3.009888329205527,""latent_up"":2.366186913244489,""residual"":0.9285886574872864,""routed_expert_compute"":50.34879147082789,""router"":12.22087669954895,""scatter_reduction"":2.3321425076818887,""shared_expert"":9.952601889255078}","PHYSICAL real-K3 representative layer composition, globally anchored to immutable E016/E017 serial compute"
2,16,24,4,161.2403352737508,145.70331812348155,15.537017150269225,146200854528,136.16015625,routed_expert_compute,"{""attention_and_pre_moe"":31.48283307657769,""boundary_d2h"":8.471810534089487,""boundary_h2d"":2.5472700293833386,""expert_collection"":0.8307627065536946,""expert_dispatch"":0.718029504124332,""latent_down"":4.362090648223516,""latent_up"":3.7793589037723665,""residual"":2.2027758480124393,""routed_expert_compute"":73.40347339428345,""router"":12.569618960370038,""scatter_reduction"":3.9453058801336547,""shared_expert"":16.927005788226754}","PHYSICAL real-K3 representative layer composition, globally anchored to immutable E016/E017 serial compute"
2,16,24,8,245.29851845217414,217.59959027506568,27.698928177108474,146200854528,136.16015625,routed_expert_compute,"{""attention_and_pre_moe"":62.306214339541704,""boundary_d2h"":12.475774187462639,""boundary_h2d"":4.3089243702633775,""expert_collection"":0.7870079232971608,""expert_dispatch"":0.714714638272311,""latent_down"":6.366155436692538,""latent_up"":6.062599823983507,""residual"":4.077489647621964,""routed_expert_compute"":101.29616074083675,""router"":12.2681341840561,""scatter_reduction"":6.604930562841712,""shared_expert"":28.03041259730439}","PHYSICAL real-K3 representative layer composition, globally anchored to immutable E016/E017 serial compute"
3,24,32,1,86.49660611895357,79.0127650569968,7.483841061956771,146196660224,136.15625,routed_expert_compute,"{""attention_and_pre_moe"":26.260012138984045,""boundary_d2h"":3.4347830890896875,""boundary_h2d"":0.9673813477796858,""expert_collection"":0.4881586591009857,""expert_dispatch"":0.7913636721922057,""latent_down"":2.5543716332115562,""latent_up"":1.7699148424470132,""residual"":0.8543684964579481,""routed_expert_compute"":27.09391395696142,""router"":13.177864765496706,""scatter_reduction"":1.2717390862373452,""shared_expert"":7.832734430994987}","PHYSICAL real-K3 representative layer composition, globally anchored to immutable E016/E017 serial compute"
3,24,32,2,101.85088748322104,95.68269525059482,6.168192232626228,146196660224,136.15625,routed_expert_compute,"{""attention_and_pre_moe"":19.65586586067564,""boundary_d2h"":5.441993384356737,""boundary_h2d"":1.455072091155212,""expert_collection"":0.7726299651679917,""expert_dispatch"":0.8380551269793184,""latent_down"":2.729065908606708,""latent_up"":2.1180247311039966,""residual"":1.1264538717538757,""routed_expert_compute"":45.353473612537364,""router"":11.173496951959544,""scatter_reduction"":2.004898690705072,""shared_expert"":9.181857288219602}","PHYSICAL real-K3 representative layer composition, globally anchored to immutable E016/E017 serial compute"
3,24,32,4,147.50220186651512,138.5212409031654,8.980960963349725,146196660224,136.15625,routed_expert_compute,"{""attention_and_pre_moe"":28.30664290297182,""boundary_d2h"":7.7080635169050495,""boundary_h2d"":2.521324090812841,""expert_collection"":0.820397573324901,""expert_dispatch"":0.7891560090364054,""latent_down"":3.9630925921955824,""latent_up"":3.4810410411677943,""residual"":1.9529677000781465,""routed_expert_compute"":67.05577273451007,""router"":11.402436645280275,""scatter_reduction"":3.912042004993217,""shared_expert"":15.589265055238997}","PHYSICAL real-K3 representative layer composition, globally anchored to immutable E016/E017 serial compute"
3,24,32,8,226.22182106579046,203.97279376315808,22.249027302632374,146196660224,136.15625,routed_expert_compute,"{""attention_and_pre_moe"":52.95088679745122,""boundary_d2h"":12.686430521678489,""boundary_h2d"":3.8446657216845663,""expert_collection"":0.6682711222670142,""expert_dispatch"":0.7379488479091402,""latent_down"":6.020675698863814,""latent_up"":5.8718727000127675,""residual"":3.7815473370965225,""routed_expert_compute"":94.55656717627075,""router"":11.209253685652618,""scatter_reduction"":6.795644176019734,""shared_expert"":27.098057280883854}","PHYSICAL real-K3 representative layer composition, globally anchored to immutable E016/E017 serial compute"
4,32,40,1,71.61101170803586,67.85323703905348,3.75777466898238,146196660224,136.15625,routed_expert_compute,"{""attention_and_pre_moe"":20.696935242456046,""boundary_d2h"":2.826821858260852,""boundary_h2d"":0.733249848909101,""expert_collection"":0.5736002635742026,""expert_dispatch"":0.7050109936537199,""latent_down"":2.1324216668707994,""latent_up"":1.4639600846049596,""residual"":0.6122780385470566,""routed_expert_compute"":23.559224477523713,""router"":10.997629481984752,""scatter_reduction"":1.0368837900389505,""shared_expert"":6.2729959616117075}","PHYSICAL real-K3 representative layer composition, globally anchored to immutable E016/E017 serial compute"
4,32,40,2,96.39115734246336,90.04229810495106,6.348859237512303,146196660224,136.15625,routed_expert_compute,"{""attention_and_pre_moe"":19.273770822832308,""boundary_d2h"":5.257823759992236,""boundary_h2d"":1.3181396552504179,""expert_collection"":0.830256133051851,""expert_dispatch"":0.8623060559891139,""latent_down"":2.7052749464842925,""latent_up"":2.11028254383507,""residual"":1.2003253446169775,""routed_expert_compute"":40.597086969253716,""router"":11.031221151677725,""scatter_reduction"":2.108908821640621,""shared_expert"":9.095761137839018}","PHYSICAL real-K3 representative layer composition, globally anchored to immutable E016/E017 serial compute"
4,32,40,4,140.51424097441966,133.19795224013598,7.316288734283698,146196660224,136.15625,routed_expert_compute,"{""attention_and_pre_moe"":27.749839259504718,""boundary_d2h"":7.346897100536927,""boundary_h2d"":2.7409526485034026,""expert_collection"":0.7765736582768703,""expert_dispatch"":0.564373373867996,""latent_down"":3.9828934563195793,""latent_up"":3.50233105156867,""residual"":2.0076134638676253,""routed_expert_compute"":61.20134812862767,""router"":11.227205096714266,""scatter_reduction"":3.8079708542059993,""shared_expert"":15.60624288242596}","PHYSICAL real-K3 representative layer composition, globally anchored to immutable E016/E017 serial compute"
4,32,40,8,211.25634185425884,192.36471064796532,18.89163120629349,146196660224,136.15625,routed_expert_compute,"{""attention_and_pre_moe"":51.69904967803317,""boundary_d2h"":12.146180973763624,""boundary_h2d"":3.6112849956153976,""expert_collection"":0.6970580406876729,""expert_dispatch"":0.49198414062211526,""latent_down"":5.9625447411214765,""latent_up"":5.747017066902983,""residual"":3.580095442073346,""routed_expert_compute"":83.75605023672742,""router"":10.715754931956818,""scatter_reduction"":6.412462351106499,""shared_expert"":26.43685925564829}","PHYSICAL real-K3 representative layer composition, globally anchored to immutable E016/E017 serial compute"
5,40,48,1,78.40972175118368,74.31897948863792,4.090742262545768,146196660224,136.15625,routed_expert_compute,"{""attention_and_pre_moe"":23.541345213475356,""boundary_d2h"":3.101541514199123,""boundary_h2d"":0.8312244633158542,""expert_collection"":0.42981276141195734,""expert_dispatch"":0.4834058393352073,""latent_down"":2.3843159568195076,""latent_up"":1.6686812916245342,""residual"":0.6736505493383421,""routed_expert_compute"":25.05902702044394,""router"":12.044872950504432,""scatter_reduction"":1.1233598984528748,""shared_expert"":7.0684842922625535}","PHYSICAL real-K3 representative layer composition, globally anchored to immutable E016/E017 serial compute"
5,40,48,2,100.48111632157752,93.54792746622229,6.933188855355235,146196660224,136.15625,routed_expert_compute,"{""attention_and_pre_moe"":19.277199302395253,""boundary_d2h"":4.668180874763109,""boundary_h2d"":1.3231676888978479,""expert_collection"":0.8401024711193275,""expert_dispatch"":0.5310539833733302,""latent_down"":2.673837882803248,""latent_up"":2.1019226153529744,""residual"":1.2080114416993672,""routed_expert_compute"":45.789026691261626,""router"":10.925561183626911,""scatter_reduction"":2.1313476089084,""shared_expert"":9.011704577376113}","PHYSICAL real-K3 representative layer composition, globally anchored to immutable E016/E017 serial compute"
5,40,48,4,150.59660326435537,140.91959057098575,9.677012693369615,146196660224,136.15625,routed_expert_compute,"{""attention_and_pre_moe"":27.594363060868105,""boundary_d2h"":8.495978547470154,""boundary_h2d"":2.565414572447825,""expert_collection"":0.7681392541586346,""expert_dispatch"":0.6740150495579199,""latent_down"":4.005636836843019,""latent_up"":3.52145103279176,""residual"":2.1773564572821567,""routed_expert_compute"":69.55314353031002,""router"":11.46539298085597,""scatter_reduction"":4.052339719514143,""shared_expert"":15.723372222255643}","PHYSICAL real-K3 representative layer composition, globally anchored to immutable E016/E017 serial compute"
5,40,48,8,230.08025828495408,208.01142398769937,22.06883429725471,146196660224,136.15625,routed_expert_compute,"{""attention_and_pre_moe"":51.139888339086745,""boundary_d2h"":12.812618281848685,""boundary_h2d"":3.979761915909187,""expert_collection"":1.0936605828382497,""expert_dispatch"":0.5502190312896716,""latent_down"":6.188732775134215,""latent_up"":5.88482959594199,""residual"":3.5443442618902967,""routed_expert_compute"":99.3001644219755,""router"":11.440594189542104,""scatter_reduction"":6.943380810292389,""shared_expert"":27.20206407920509}","PHYSICAL real-K3 representative layer composition, globally anchored to immutable E016/E017 serial compute"
6,48,56,1,72.27478328251246,67.99223809848597,4.282545184026477,146196660224,136.15625,routed_expert_compute,"{""attention_and_pre_moe"":20.69156386732208,""boundary_d2h"":3.0457998528260894,""boundary_h2d"":0.7310005819179151,""expert_collection"":0.4604686029775257,""expert_dispatch"":0.8170502066945924,""latent_down"":2.1530379600975786,""latent_up"":1.4772369569261163,""residual"":0.7980850743410829,""routed_expert_compute"":23.54637842036942,""router"":11.04727481292915,""scatter_reduction"":1.2181149905657016,""shared_expert"":6.288771955545194}","PHYSICAL real-K3 representative layer composition, globally anchored to immutable E016/E017 serial compute"
6,48,56,2,96.77582814556462,91.03923209187887,5.736596053685727,146196660224,136.15625,routed_expert_compute,"{""attention_and_pre_moe"":18.739257070585364,""boundary_d2h"":4.323985118104637,""boundary_h2d"":1.2746303964971846,""expert_collection"":0.8900245045945572,""expert_dispatch"":0.6242134069188287,""latent_down"":2.6563876491935785,""latent_up"":2.048348394023548,""residual"":1.092579965248332,""routed_expert_compute"":43.69952353351075,""router"":10.780196993191927,""scatter_reduction"":1.806408714736042,""shared_expert"":8.840272398959845}","PHYSICAL real-K3 representative layer composition, globally anchored to immutable E016/E017 serial compute"
6,48,56,4,147.23401440727866,138.5871746268468,8.64683978043184,146196660224,136.15625,routed_expert_compute,"{""attention_and_pre_moe"":27.13585610507333,""boundary_d2h"":7.5492409118630315,""boundary_h2d"":2.5077702688371706,""expert_collection"":0.593030156460604,""expert_dispatch"":0.47210568217540816,""latent_down"":4.061277485273999,""latent_up"":3.471278372834773,""residual"":2.208135603448283,""routed_expert_compute"":68.73771294267532,""router"":11.23312533366289,""scatter_reduction"":3.7914061232090535,""shared_expert"":15.47307542176478}","PHYSICAL real-K3 representative layer composition, globally anchored to immutable E016/E017 serial compute"
6,48,56,8,222.2005074413667,202.14806923233334,20.05243820903335,146196660224,136.15625,routed_expert_compute,"{""attention_and_pre_moe"":52.56492162859595,""boundary_d2h"":12.477336393001057,""boundary_h2d"":3.9768463509775027,""expert_collection"":0.6147498271432257,""expert_dispatch"":0.8831538894605434,""latent_down"":6.050604794715654,""latent_up"":5.870685251562053,""residual"":3.3367115512659256,""routed_expert_compute"":92.15478354981164,""router"":10.884307187660228,""scatter_reduction"":6.455621174617333,""shared_expert"":26.930785842555554}","PHYSICAL real-K3 representative layer composition, globally anchored to immutable E016/E017 serial compute"
7,56,64,1,84.73116727590403,78.95779776000074,5.773369515903276,146196660224,136.15625,routed_expert_compute,"{""attention_and_pre_moe"":24.33363434449624,""boundary_d2h"":3.4123695650967827,""boundary_h2d"":1.370678118972656,""expert_collection"":0.5861301379376704,""expert_dispatch"":0.5691734617776493,""latent_down"":2.5291275344267308,""latent_up"":1.7199874460650395,""residual"":0.6753116814716524,""routed_expert_compute"":27.64030077732692,""router"":12.935403757662513,""scatter_reduction"":1.6508373545898134,""shared_expert"":7.3082130960803395}","PHYSICAL real-K3 representative layer composition, globally anchored to immutable E016/E017 serial compute"
7,56,64,2,99.56155735773174,93.45678636542682,6.104770992304906,146196660224,136.15625,routed_expert_compute,"{""attention_and_pre_moe"":18.873207448139276,""boundary_d2h"":4.760229952243352,""boundary_h2d"":1.3277539662902598,""expert_collection"":0.7673336061588661,""expert_dispatch"":0.8090634317079128,""latent_down"":2.678209798823734,""latent_up"":2.073864236027762,""residual"":0.808270287526268,""routed_expert_compute"":45.50051806009636,""router"":10.904042194237288,""scatter_reduction"":2.1022902080579082,""shared_expert"":8.95677416842274}","PHYSICAL real-K3 representative layer composition, globally anchored to immutable E016/E017 serial compute"
7,56,64,4,148.04330553112072,139.64000002306497,8.403305508055752,146196660224,136.15625,routed_expert_compute,"{""attention_and_pre_moe"":27.904542945552976,""boundary_d2h"":8.053862067786348,""boundary_h2d"":2.2174092522322026,""expert_collection"":0.8189656091303178,""expert_dispatch"":0.6101784684655033,""latent_down"":4.021016173997871,""latent_up"":3.5718487392833227,""residual"":2.0244516493501425,""routed_expert_compute"":67.9268582039311,""router"":11.345786320895954,""scatter_reduction"":3.611719095945953,""shared_expert"":15.936667004549035}","PHYSICAL real-K3 representative layer composition, globally anchored to immutable E016/E017 serial compute"
7,56,64,8,225.29999705433676,206.46780443180032,18.832192622536446,146196660224,136.15625,routed_expert_compute,"{""attention_and_pre_moe"":52.16570218762849,""boundary_d2h"":12.573496527202261,""boundary_h2d"":3.6430263595905368,""expert_collection"":0.5793271421385207,""expert_dispatch"":0.4846296752392349,""latent_down"":6.02068372494443,""latent_up"":5.818040828861873,""residual"":3.503084824673974,""routed_expert_compute"":96.90849930049048,""router"":10.585713066095966,""scatter_reduction"":6.251547065235577,""shared_expert"":26.76624635223542}","PHYSICAL real-K3 representative layer composition, globally anchored to immutable E016/E017 serial compute"
8,64,72,1,72.38827106661778,68.25679741624634,4.131473650371449,146196660224,136.15625,routed_expert_compute,"{""attention_and_pre_moe"":20.979733641927105,""boundary_d2h"":2.92722885916208,""boundary_h2d"":0.840365012542897,""expert_collection"":0.540902347380137,""expert_dispatch"":0.7733198043399776,""latent_down"":2.1626958950349056,""latent_up"":1.4699446909371898,""residual"":0.5201065716373813,""routed_expert_compute"":23.606113688818528,""router"":11.071247815099849,""scatter_reduction"":1.1995498770465645,""shared_expert"":6.297062862691174}","PHYSICAL real-K3 representative layer composition, globally anchored to immutable E016/E017 serial compute"
8,64,72,2,98.95123061181637,93.31651789882201,5.634712712994371,146196660224,136.15625,routed_expert_compute,"{""attention_and_pre_moe"":18.88065031904509,""boundary_d2h"":5.033573243757056,""boundary_h2d"":1.272038929778146,""expert_collection"":0.750596561857701,""expert_dispatch"":0.810258134063101,""latent_down"":2.6460933595377054,""latent_up"":2.0619904097459107,""residual"":1.2440488796814624,""routed_expert_compute"":44.54874306247759,""router"":10.718025983062969,""scatter_reduction"":2.134191699190961,""shared_expert"":8.851020029618677}","PHYSICAL real-K3 representative layer composition, globally anchored to immutable E016/E017 serial compute"
8,64,72,4,148.6258420189837,140.12530104838677,8.50054097059691,146196660224,136.15625,routed_expert_compute,"{""attention_and_pre_moe"":27.795838668786057,""boundary_d2h"":8.571222981767269,""boundary_h2d"":2.0661130406301833,""expert_collection"":0.5863286708837682,""expert_dispatch"":0.8352621446969942,""latent_down"":3.979044361887248,""latent_up"":3.517435032819734,""residual"":2.010090976686802,""routed_expert_compute"":68.93012210673756,""router"":11.214884829662507,""scatter_reduction"":3.3718661208399525,""shared_expert"":15.747633083585596}","PHYSICAL real-K3 representative layer composition, globally anchored to immutable E016/E017 serial compute"
8,64,72,8,226.1637661094601,206.0340098091506,20.129756300309506,146196660224,136.15625,routed_expert_compute,"{""attention_and_pre_moe"":52.152947291461395,""boundary_d2h"":12.664354807755883,""boundary_h2d"":3.8314423481504805,""expert_collection"":0.6429723282495011,""expert_dispatch"":0.550419647944905,""latent_down"":6.067320646809055,""latent_up"":5.856820255545566,""residual"":3.4508500930405233,""routed_expert_compute"":96.79061348795761,""router"":10.794049978024308,""scatter_reduction"":6.434111612431436,""shared_expert"":26.927863612089435}","PHYSICAL real-K3 representative layer composition, globally anchored to immutable E016/E017 serial compute"
9,72,80,1,119.14259886722485,114.67601036852986,4.466588498694981,146196660224,136.15625,routed_expert_compute,"{""attention_and_pre_moe"":30.208580712537977,""boundary_d2h"":5.087412905798883,""boundary_h2d"":1.3281296020848459,""expert_collection"":1.0069305593875688,""expert_dispatch"":1.0840561486039813,""latent_down"":3.6846006319182405,""latent_up"":2.5357636252933653,""residual"":1.259245519546802,""routed_expert_compute"":41.13307584116163,""router"":18.925325349823403,""scatter_reduction"":2.3370669614062227,""shared_expert"":10.55241100966192}","PHYSICAL real-K3 representative layer composition, globally anchored to immutable E016/E017 serial compute"
9,72,80,2,99.59234861698512,94.01187295212179,5.580475664863318,146196660224,136.15625,routed_expert_compute,"{""attention_and_pre_moe"":18.7611208235131,""boundary_d2h"":4.896215374083928,""boundary_h2d"":1.304455984606072,""expert_collection"":0.8340151722075643,""expert_dispatch"":0.7384122991460088,""latent_down"":2.6373267892804257,""latent_up"":2.06302965317129,""residual"":1.163773147296176,""routed_expert_compute"":45.45278371315433,""router"":10.769027973975717,""scatter_reduction"":2.1284239851287667,""shared_expert"":8.84376370142173}","PHYSICAL real-K3 representative layer composition, globally anchored to immutable E016/E017 serial compute"
9,72,80,4,147.7994373377092,139.7843292298169,8.015108107892297,146196660224,136.15625,routed_expert_compute,"{""attention_and_pre_moe"":27.645306044258206,""boundary_d2h"":7.653508745360623,""boundary_h2d"":1.8483005757786268,""expert_collection"":0.6748366304216179,""expert_dispatch"":0.7565612783738924,""latent_down"":4.009725579858862,""latent_up"":3.528286294561243,""residual"":1.8802431276403908,""routed_expert_compute"":69.04216384622914,""router"":11.482618069413935,""scatter_reduction"":3.491520229043471,""shared_expert"":15.786366916769207}","PHYSICAL real-K3 representative layer composition, globally anchored to immutable E016/E017 serial compute"
9,72,80,8,221.45405777716093,201.6202166639959,19.83384111316499,146196660224,136.15625,routed_expert_compute,"{""attention_and_pre_moe"":51.292272539463326,""boundary_d2h"":12.921484483029296,""boundary_h2d"":3.981762206793117,""expert_collection"":0.7446929560058815,""expert_dispatch"":0.5032036941560806,""latent_down"":6.000766584155187,""latent_up"":5.786006262021578,""residual"":3.338277841728586,""routed_expert_compute"":93.26492043472787,""router"":10.647855431680693,""scatter_reduction"":6.420145225134083,""shared_expert"":26.552670118265254}","PHYSICAL real-K3 representative layer composition, globally anchored to immutable E016/E017 serial compute"
10,80,88,1,73.1397977299665,68.51544286636519,4.624354863601314,146209243136,136.16796875,routed_expert_compute,"{""attention_and_pre_moe"":20.82160161664016,""boundary_d2h"":3.2773633860446862,""boundary_h2d"":0.7248315725623932,""expert_collection"":0.6850045329410327,""expert_dispatch"":0.7183983499283549,""latent_down"":2.1870468149064624,""latent_up"":1.4839371555480083,""residual"":0.8446032887728339,""routed_expert_compute"":23.59928681068379,""router"":11.294261184034877,""scatter_reduction"":1.1503370844260132,""shared_expert"":6.353125933477899}","PHYSICAL real-K3 representative layer composition, globally anchored to immutable E016/E017 serial compute"
10,80,88,2,100.06873338514824,93.96260820084319,6.106125184305039,146209243136,136.16796875,routed_expert_compute,"{""attention_and_pre_moe"":18.46686732574206,""boundary_d2h"":5.60799439401533,""boundary_h2d"":1.3740149052346706,""expert_collection"":0.8139741480328888,""expert_dispatch"":0.8306359320180864,""latent_down"":2.5907813301829896,""latent_up"":2.1242268225121093,""residual"":1.4348867738969253,""routed_expert_compute"":44.92105944101189,""router"":10.877705171935066,""scatter_reduction"":2.116096374610055,""shared_expert"":8.910490765956169}","PHYSICAL real-K3 representative layer composition, globally anchored to immutable E016/E017 serial compute"
10,80,88,4,152.3595248582785,141.38961987445754,10.969904983820927,146209243136,136.16796875,routed_expert_compute,"{""attention_and_pre_moe"":27.735086001596457,""boundary_d2h"":10.040475223972821,""boundary_h2d"":2.6533537522367423,""expert_collection"":0.9173220341984661,""expert_dispatch"":0.8473425324498535,""latent_down"":4.045562566341671,""latent_up"":3.8386550591374,""residual"":2.4099442226579675,""routed_expert_compute"":67.53939333665379,""router"":11.745524052180041,""scatter_reduction"":4.420531972195865,""shared_expert"":16.166334104657395}","PHYSICAL real-K3 representative layer composition, globally anchored to immutable E016/E017 serial compute"
10,80,88,8,221.69393763144254,198.66922094886698,23.024716682575562,146209243136,136.16796875,routed_expert_compute,"{""attention_and_pre_moe"":50.55535362684856,""boundary_d2h"":15.410175686674181,""boundary_h2d"":4.232764044585527,""expert_collection"":0.8486443253872414,""expert_dispatch"":0.8648214558271613,""latent_down"":6.057859314813941,""latent_up"":6.008755968685256,""residual"":3.9779115420849602,""routed_expert_compute"":87.13421026875989,""router"":11.527133003553402,""scatter_reduction"":7.988104669086774,""shared_expert"":27.088203725135642}","PHYSICAL real-K3 representative layer composition, globally anchored to immutable E016/E017 serial compute"
11,88,93,1,46.74102157785829,40.34798677347707,6.39303480438122,92522807296,86.1685791015625,routed_expert_compute,"{""attention_and_pre_moe"":11.705652623995652,""boundary_d2h"":2.010456310415819,""boundary_h2d"":0.47262820861805294,""endpoint_lm_head"":3.564968008843918,""expert_collection"":0.3470430390062953,""expert_dispatch"":0.444295156836583,""latent_down"":1.3410449611043287,""latent_up"":0.8869925034201404,""residual"":0.48262654863424437,""routed_expert_compute"":14.339663155484775,""router"":6.67432651561259,""scatter_reduction"":0.7297244273294222,""shared_expert"":3.7416001185564673}","PHYSICAL real-K3 representative layer composition, globally anchored to immutable E016/E017 serial compute"
11,88,93,2,66.82923911476792,56.110541788372394,10.71869732639552,92522807296,86.1685791015625,routed_expert_compute,"{""attention_and_pre_moe"":10.58182409885605,""boundary_d2h"":2.8468543145939225,""boundary_h2d"":0.8335501625325643,""endpoint_lm_head"":7.129936017687836,""expert_collection"":0.3809345209503366,""expert_dispatch"":0.4841540419916307,""latent_down"":1.6583371718014421,""latent_up"":1.301706801114896,""residual"":0.7452303516097543,""routed_expert_compute"":27.333553671233034,""router"":6.749217886420606,""scatter_reduction"":1.2337205214013358,""shared_expert"":5.550219554574499}","PHYSICAL real-K3 representative layer composition, globally anchored to immutable E016/E017 serial compute"
11,88,93,4,102.4165348108925,82.60688934447184,19.809645466420644,92522807296,86.1685791015625,routed_expert_compute,"{""attention_and_pre_moe"":15.502251098534366,""boundary_d2h"":4.955186923468463,""boundary_h2d"":1.2602986044840803,""endpoint_lm_head"":14.599665916923964,""expert_collection"":0.45524052914566404,""expert_dispatch"":0.5262481808625786,""latent_down"":2.46609764897991,""latent_up"":2.177312642916367,""residual"":1.183856934024924,""routed_expert_compute"":40.196699359911314,""router"":6.948365939459765,""scatter_reduction"":2.4151448882009805,""shared_expert"":9.730166143980115}","PHYSICAL real-K3 representative layer composition, globally anchored to immutable E016/E017 serial compute"
11,88,93,8,158.09342270343834,119.04475029460953,39.0486724088288,92522807296,86.1685791015625,routed_expert_compute,"{""attention_and_pre_moe"":30.336478253666453,""boundary_d2h"":7.801767012913315,""boundary_h2d"":2.412407680304382,""endpoint_lm_head"":26.139244087737687,""expert_collection"":0.3692521260771181,""expert_dispatch"":0.4434053228331548,""latent_down"":3.78508137723778,""latent_up"":3.6633662271766605,""residual"":2.374201103108432,""routed_expert_compute"":53.23046187287029,""router"":6.7356907312661045,""scatter_reduction"":4.025768343398267,""shared_expert"":16.776298564848684}","PHYSICAL real-K3 representative layer composition, globally anchored to immutable E016/E017 serial compute"
