split,layer,rows,stripe_degree,worker_id,stripe_index,head_start,head_stop,runtime_weight_bytes,persistent_state_bytes,wall_p50_ms,cuda_p50_ms,host_overhead_p50_ms,physical_launches,network_visible_outputs,cross_degree_relative_l2,pass
calibration,45,1,4,kda.layer-45.p4.worker-00,0,0,24,64204896,1720320,0.3762,,,8,1,0.0,True
calibration,45,1,4,kda.layer-45.p4.worker-01,1,24,48,64204896,1720320,0.3778,,,8,1,0.0,True
calibration,45,1,4,kda.layer-45.p4.worker-02,2,48,72,64204896,1720320,0.3738,,,8,1,0.0,True
calibration,45,1,4,kda.layer-45.p4.worker-03,3,72,96,64204896,1720320,0.3749,,,8,1,0.0,True
calibration,45,1,8,kda.layer-45.p8.worker-00,0,0,12,32102448,860160,0.2619,,,8,1,1.112750669291192e-07,True
calibration,45,1,8,kda.layer-45.p8.worker-01,1,12,24,32102448,860160,0.2636,,,8,1,1.112750669291192e-07,True
calibration,45,1,8,kda.layer-45.p8.worker-02,2,24,36,32102448,860160,0.2639,,,8,1,1.112750669291192e-07,True
calibration,45,1,8,kda.layer-45.p8.worker-03,3,36,48,32102448,860160,0.266,,,8,1,1.112750669291192e-07,True
calibration,45,1,8,kda.layer-45.p8.worker-04,4,48,60,32102448,860160,0.2825,,,8,1,1.112750669291192e-07,True
calibration,45,1,8,kda.layer-45.p8.worker-05,5,60,72,32102448,860160,0.2674,,,8,1,1.112750669291192e-07,True
calibration,45,1,8,kda.layer-45.p8.worker-06,6,72,84,32102448,860160,0.274,,,8,1,1.112750669291192e-07,True
calibration,45,1,8,kda.layer-45.p8.worker-07,7,84,96,32102448,860160,0.2648,,,8,1,1.112750669291192e-07,True
calibration,45,1,16,kda.layer-45.p16.worker-00,0,0,6,16051224,430080,0.2404,,,8,1,1.1417288205001517e-07,True
calibration,45,1,16,kda.layer-45.p16.worker-01,1,6,12,16051224,430080,0.2152,,,8,1,1.1417288205001517e-07,True
calibration,45,1,16,kda.layer-45.p16.worker-02,2,12,18,16051224,430080,0.2119,,,8,1,1.1417288205001517e-07,True
calibration,45,1,16,kda.layer-45.p16.worker-03,3,18,24,16051224,430080,0.2117,,,8,1,1.1417288205001517e-07,True
calibration,45,1,16,kda.layer-45.p16.worker-04,4,24,30,16051224,430080,0.2169,,,8,1,1.1417288205001517e-07,True
calibration,45,1,16,kda.layer-45.p16.worker-05,5,30,36,16051224,430080,0.2127,,,8,1,1.1417288205001517e-07,True
calibration,45,1,16,kda.layer-45.p16.worker-06,6,36,42,16051224,430080,0.2122,,,8,1,1.1417288205001517e-07,True
calibration,45,1,16,kda.layer-45.p16.worker-07,7,42,48,16051224,430080,0.2184,,,8,1,1.1417288205001517e-07,True
calibration,45,1,16,kda.layer-45.p16.worker-08,8,48,54,16051224,430080,0.212,,,8,1,1.1417288205001517e-07,True
calibration,45,1,16,kda.layer-45.p16.worker-09,9,54,60,16051224,430080,0.2131,,,8,1,1.1417288205001517e-07,True
calibration,45,1,16,kda.layer-45.p16.worker-10,10,60,66,16051224,430080,0.2209,,,8,1,1.1417288205001517e-07,True
calibration,45,1,16,kda.layer-45.p16.worker-11,11,66,72,16051224,430080,0.2129,,,8,1,1.1417288205001517e-07,True
calibration,45,1,16,kda.layer-45.p16.worker-12,12,72,78,16051224,430080,0.2129,,,8,1,1.1417288205001517e-07,True
calibration,45,1,16,kda.layer-45.p16.worker-13,13,78,84,16051224,430080,0.2116,,,8,1,1.1417288205001517e-07,True
calibration,45,1,16,kda.layer-45.p16.worker-14,14,84,90,16051224,430080,0.2123,,,8,1,1.1417288205001517e-07,True
calibration,45,1,16,kda.layer-45.p16.worker-15,15,90,96,16051224,430080,0.2176,,,8,1,1.1417288205001517e-07,True
calibration,45,1,32,kda.layer-45.p32.worker-00,0,0,3,8025612,215040,0.1884,,,8,1,1.1473204689217347e-07,True
calibration,45,1,32,kda.layer-45.p32.worker-01,1,3,6,8025612,215040,0.188,,,8,1,1.1473204689217347e-07,True
calibration,45,1,32,kda.layer-45.p32.worker-02,2,6,9,8025612,215040,0.1959,,,8,1,1.1473204689217347e-07,True
calibration,45,1,32,kda.layer-45.p32.worker-03,3,9,12,8025612,215040,0.1909,,,8,1,1.1473204689217347e-07,True
calibration,45,1,32,kda.layer-45.p32.worker-04,4,12,15,8025612,215040,0.195,,,8,1,1.1473204689217347e-07,True
calibration,45,1,32,kda.layer-45.p32.worker-05,5,15,18,8025612,215040,0.1889,,,8,1,1.1473204689217347e-07,True
calibration,45,1,32,kda.layer-45.p32.worker-06,6,18,21,8025612,215040,0.1903,,,8,1,1.1473204689217347e-07,True
calibration,45,1,32,kda.layer-45.p32.worker-07,7,21,24,8025612,215040,0.19,,,8,1,1.1473204689217347e-07,True
calibration,45,1,32,kda.layer-45.p32.worker-08,8,24,27,8025612,215040,0.1886,,,8,1,1.1473204689217347e-07,True
calibration,45,1,32,kda.layer-45.p32.worker-09,9,27,30,8025612,215040,0.1883,,,8,1,1.1473204689217347e-07,True
calibration,45,1,32,kda.layer-45.p32.worker-10,10,30,33,8025612,215040,0.1892,,,8,1,1.1473204689217347e-07,True
calibration,45,1,32,kda.layer-45.p32.worker-11,11,33,36,8025612,215040,0.188,,,8,1,1.1473204689217347e-07,True
calibration,45,1,32,kda.layer-45.p32.worker-12,12,36,39,8025612,215040,0.1987,,,8,1,1.1473204689217347e-07,True
calibration,45,1,32,kda.layer-45.p32.worker-13,13,39,42,8025612,215040,0.1862,,,8,1,1.1473204689217347e-07,True
calibration,45,1,32,kda.layer-45.p32.worker-14,14,42,45,8025612,215040,0.1881,,,8,1,1.1473204689217347e-07,True
calibration,45,1,32,kda.layer-45.p32.worker-15,15,45,48,8025612,215040,0.1884,,,8,1,1.1473204689217347e-07,True
calibration,45,1,32,kda.layer-45.p32.worker-16,16,48,51,8025612,215040,0.1884,,,8,1,1.1473204689217347e-07,True
calibration,45,1,32,kda.layer-45.p32.worker-17,17,51,54,8025612,215040,0.1975,,,8,1,1.1473204689217347e-07,True
calibration,45,1,32,kda.layer-45.p32.worker-18,18,54,57,8025612,215040,0.195,,,8,1,1.1473204689217347e-07,True
calibration,45,1,32,kda.layer-45.p32.worker-19,19,57,60,8025612,215040,0.1863,,,8,1,1.1473204689217347e-07,True
calibration,45,1,32,kda.layer-45.p32.worker-20,20,60,63,8025612,215040,0.1877,,,8,1,1.1473204689217347e-07,True
calibration,45,1,32,kda.layer-45.p32.worker-21,21,63,66,8025612,215040,0.1877,,,8,1,1.1473204689217347e-07,True
calibration,45,1,32,kda.layer-45.p32.worker-22,22,66,69,8025612,215040,0.1868,,,8,1,1.1473204689217347e-07,True
calibration,45,1,32,kda.layer-45.p32.worker-23,23,69,72,8025612,215040,0.1939,,,8,1,1.1473204689217347e-07,True
calibration,45,1,32,kda.layer-45.p32.worker-24,24,72,75,8025612,215040,0.1858,,,8,1,1.1473204689217347e-07,True
calibration,45,1,32,kda.layer-45.p32.worker-25,25,75,78,8025612,215040,0.1878,,,8,1,1.1473204689217347e-07,True
calibration,45,1,32,kda.layer-45.p32.worker-26,26,78,81,8025612,215040,0.1954,,,8,1,1.1473204689217347e-07,True
calibration,45,1,32,kda.layer-45.p32.worker-27,27,81,84,8025612,215040,0.202,,,8,1,1.1473204689217347e-07,True
calibration,45,1,32,kda.layer-45.p32.worker-28,28,84,87,8025612,215040,0.187,,,8,1,1.1473204689217347e-07,True
calibration,45,1,32,kda.layer-45.p32.worker-29,29,87,90,8025612,215040,0.1946,,,8,1,1.1473204689217347e-07,True
calibration,45,1,32,kda.layer-45.p32.worker-30,30,90,93,8025612,215040,0.1952,,,8,1,1.1473204689217347e-07,True
calibration,45,1,32,kda.layer-45.p32.worker-31,31,93,96,8025612,215040,0.1871,,,8,1,1.1473204689217347e-07,True
calibration,45,2,4,kda.layer-45.p4.worker-00,0,0,24,64204896,1720320,0.5435,,,8,1,0.0,True
calibration,45,2,4,kda.layer-45.p4.worker-01,1,24,48,64204896,1720320,0.5498,,,8,1,0.0,True
calibration,45,2,4,kda.layer-45.p4.worker-02,2,48,72,64204896,1720320,0.5463,,,8,1,0.0,True
calibration,45,2,4,kda.layer-45.p4.worker-03,3,72,96,64204896,1720320,0.5475,,,8,1,0.0,True
calibration,45,2,8,kda.layer-45.p8.worker-00,0,0,12,32102448,860160,0.3964,,,8,1,1.0864952188498426e-07,True
calibration,45,2,8,kda.layer-45.p8.worker-01,1,12,24,32102448,860160,0.3938,,,8,1,1.0864952188498426e-07,True
calibration,45,2,8,kda.layer-45.p8.worker-02,2,24,36,32102448,860160,0.3963,,,8,1,1.0864952188498426e-07,True
calibration,45,2,8,kda.layer-45.p8.worker-03,3,36,48,32102448,860160,0.395,,,8,1,1.0864952188498426e-07,True
calibration,45,2,8,kda.layer-45.p8.worker-04,4,48,60,32102448,860160,0.3934,,,8,1,1.0864952188498426e-07,True
calibration,45,2,8,kda.layer-45.p8.worker-05,5,60,72,32102448,860160,0.3952,,,8,1,1.0864952188498426e-07,True
calibration,45,2,8,kda.layer-45.p8.worker-06,6,72,84,32102448,860160,0.3959,,,8,1,1.0864952188498426e-07,True
calibration,45,2,8,kda.layer-45.p8.worker-07,7,84,96,32102448,860160,0.3964,,,8,1,1.0864952188498426e-07,True
calibration,45,2,16,kda.layer-45.p16.worker-00,0,0,6,16051224,430080,0.3217,,,8,1,1.1091338456895014e-07,True
calibration,45,2,16,kda.layer-45.p16.worker-01,1,6,12,16051224,430080,0.3181,,,8,1,1.1091338456895014e-07,True
calibration,45,2,16,kda.layer-45.p16.worker-02,2,12,18,16051224,430080,0.3186,,,8,1,1.1091338456895014e-07,True
calibration,45,2,16,kda.layer-45.p16.worker-03,3,18,24,16051224,430080,0.3143,,,8,1,1.1091338456895014e-07,True
calibration,45,2,16,kda.layer-45.p16.worker-04,4,24,30,16051224,430080,0.3215,,,8,1,1.1091338456895014e-07,True
calibration,45,2,16,kda.layer-45.p16.worker-05,5,30,36,16051224,430080,0.3187,,,8,1,1.1091338456895014e-07,True
calibration,45,2,16,kda.layer-45.p16.worker-06,6,36,42,16051224,430080,0.3169,,,8,1,1.1091338456895014e-07,True
calibration,45,2,16,kda.layer-45.p16.worker-07,7,42,48,16051224,430080,0.3209,,,8,1,1.1091338456895014e-07,True
calibration,45,2,16,kda.layer-45.p16.worker-08,8,48,54,16051224,430080,0.3207,,,8,1,1.1091338456895014e-07,True
calibration,45,2,16,kda.layer-45.p16.worker-09,9,54,60,16051224,430080,0.3232,,,8,1,1.1091338456895014e-07,True
calibration,45,2,16,kda.layer-45.p16.worker-10,10,60,66,16051224,430080,0.3171,,,8,1,1.1091338456895014e-07,True
calibration,45,2,16,kda.layer-45.p16.worker-11,11,66,72,16051224,430080,0.321,,,8,1,1.1091338456895014e-07,True
calibration,45,2,16,kda.layer-45.p16.worker-12,12,72,78,16051224,430080,0.317,,,8,1,1.1091338456895014e-07,True
calibration,45,2,16,kda.layer-45.p16.worker-13,13,78,84,16051224,430080,0.3196,,,8,1,1.1091338456895014e-07,True
calibration,45,2,16,kda.layer-45.p16.worker-14,14,84,90,16051224,430080,0.3148,,,8,1,1.1091338456895014e-07,True
calibration,45,2,16,kda.layer-45.p16.worker-15,15,90,96,16051224,430080,0.317,,,8,1,1.1091338456895014e-07,True
calibration,45,2,32,kda.layer-45.p32.worker-00,0,0,3,8025612,215040,0.2638,,,8,1,1.1130430768646564e-07,True
calibration,45,2,32,kda.layer-45.p32.worker-01,1,3,6,8025612,215040,0.257,,,8,1,1.1130430768646564e-07,True
calibration,45,2,32,kda.layer-45.p32.worker-02,2,6,9,8025612,215040,0.26,,,8,1,1.1130430768646564e-07,True
calibration,45,2,32,kda.layer-45.p32.worker-03,3,9,12,8025612,215040,0.2574,,,8,1,1.1130430768646564e-07,True
calibration,45,2,32,kda.layer-45.p32.worker-04,4,12,15,8025612,215040,0.2571,,,8,1,1.1130430768646564e-07,True
calibration,45,2,32,kda.layer-45.p32.worker-05,5,15,18,8025612,215040,0.2759,,,8,1,1.1130430768646564e-07,True
calibration,45,2,32,kda.layer-45.p32.worker-06,6,18,21,8025612,215040,0.257,,,8,1,1.1130430768646564e-07,True
calibration,45,2,32,kda.layer-45.p32.worker-07,7,21,24,8025612,215040,0.2585,,,8,1,1.1130430768646564e-07,True
calibration,45,2,32,kda.layer-45.p32.worker-08,8,24,27,8025612,215040,0.2605,,,8,1,1.1130430768646564e-07,True
calibration,45,2,32,kda.layer-45.p32.worker-09,9,27,30,8025612,215040,0.2578,,,8,1,1.1130430768646564e-07,True
calibration,45,2,32,kda.layer-45.p32.worker-10,10,30,33,8025612,215040,0.2824,,,8,1,1.1130430768646564e-07,True
calibration,45,2,32,kda.layer-45.p32.worker-11,11,33,36,8025612,215040,0.2704,,,8,1,1.1130430768646564e-07,True
calibration,45,2,32,kda.layer-45.p32.worker-12,12,36,39,8025612,215040,0.2592,,,8,1,1.1130430768646564e-07,True
calibration,45,2,32,kda.layer-45.p32.worker-13,13,39,42,8025612,215040,0.2572,,,8,1,1.1130430768646564e-07,True
calibration,45,2,32,kda.layer-45.p32.worker-14,14,42,45,8025612,215040,0.2588,,,8,1,1.1130430768646564e-07,True
calibration,45,2,32,kda.layer-45.p32.worker-15,15,45,48,8025612,215040,0.2625,,,8,1,1.1130430768646564e-07,True
calibration,45,2,32,kda.layer-45.p32.worker-16,16,48,51,8025612,215040,0.2823,,,8,1,1.1130430768646564e-07,True
calibration,45,2,32,kda.layer-45.p32.worker-17,17,51,54,8025612,215040,0.2581,,,8,1,1.1130430768646564e-07,True
calibration,45,2,32,kda.layer-45.p32.worker-18,18,54,57,8025612,215040,0.263,,,8,1,1.1130430768646564e-07,True
calibration,45,2,32,kda.layer-45.p32.worker-19,19,57,60,8025612,215040,0.2577,,,8,1,1.1130430768646564e-07,True
calibration,45,2,32,kda.layer-45.p32.worker-20,20,60,63,8025612,215040,0.2586,,,8,1,1.1130430768646564e-07,True
calibration,45,2,32,kda.layer-45.p32.worker-21,21,63,66,8025612,215040,0.2578,,,8,1,1.1130430768646564e-07,True
calibration,45,2,32,kda.layer-45.p32.worker-22,22,66,69,8025612,215040,0.256,,,8,1,1.1130430768646564e-07,True
calibration,45,2,32,kda.layer-45.p32.worker-23,23,69,72,8025612,215040,0.2579,,,8,1,1.1130430768646564e-07,True
calibration,45,2,32,kda.layer-45.p32.worker-24,24,72,75,8025612,215040,0.2576,,,8,1,1.1130430768646564e-07,True
calibration,45,2,32,kda.layer-45.p32.worker-25,25,75,78,8025612,215040,0.2702,,,8,1,1.1130430768646564e-07,True
calibration,45,2,32,kda.layer-45.p32.worker-26,26,78,81,8025612,215040,0.2576,,,8,1,1.1130430768646564e-07,True
calibration,45,2,32,kda.layer-45.p32.worker-27,27,81,84,8025612,215040,0.2583,,,8,1,1.1130430768646564e-07,True
calibration,45,2,32,kda.layer-45.p32.worker-28,28,84,87,8025612,215040,0.257,,,8,1,1.1130430768646564e-07,True
calibration,45,2,32,kda.layer-45.p32.worker-29,29,87,90,8025612,215040,0.2614,,,8,1,1.1130430768646564e-07,True
calibration,45,2,32,kda.layer-45.p32.worker-30,30,90,93,8025612,215040,0.2573,,,8,1,1.1130430768646564e-07,True
calibration,45,2,32,kda.layer-45.p32.worker-31,31,93,96,8025612,215040,0.2623,,,8,1,1.1130430768646564e-07,True
calibration,45,4,4,kda.layer-45.p4.worker-00,0,0,24,64204896,1720320,0.9285,,,8,1,0.0,True
calibration,45,4,4,kda.layer-45.p4.worker-01,1,24,48,64204896,1720320,0.9252,,,8,1,0.0,True
calibration,45,4,4,kda.layer-45.p4.worker-02,2,48,72,64204896,1720320,0.9244,,,8,1,0.0,True
calibration,45,4,4,kda.layer-45.p4.worker-03,3,72,96,64204896,1720320,0.9272,,,8,1,0.0,True
calibration,45,4,8,kda.layer-45.p8.worker-00,0,0,12,32102448,860160,0.6308,,,8,1,1.095156126191047e-07,True
calibration,45,4,8,kda.layer-45.p8.worker-01,1,12,24,32102448,860160,0.6337,,,8,1,1.095156126191047e-07,True
calibration,45,4,8,kda.layer-45.p8.worker-02,2,24,36,32102448,860160,0.6339,,,8,1,1.095156126191047e-07,True
calibration,45,4,8,kda.layer-45.p8.worker-03,3,36,48,32102448,860160,0.6326,,,8,1,1.095156126191047e-07,True
calibration,45,4,8,kda.layer-45.p8.worker-04,4,48,60,32102448,860160,0.6351,,,8,1,1.095156126191047e-07,True
calibration,45,4,8,kda.layer-45.p8.worker-05,5,60,72,32102448,860160,0.63,,,8,1,1.095156126191047e-07,True
calibration,45,4,8,kda.layer-45.p8.worker-06,6,72,84,32102448,860160,0.6321,,,8,1,1.095156126191047e-07,True
calibration,45,4,8,kda.layer-45.p8.worker-07,7,84,96,32102448,860160,0.6321,,,8,1,1.095156126191047e-07,True
calibration,45,4,16,kda.layer-45.p16.worker-00,0,0,6,16051224,430080,0.4674,,,8,1,1.1187574470121398e-07,True
calibration,45,4,16,kda.layer-45.p16.worker-01,1,6,12,16051224,430080,0.4832,,,8,1,1.1187574470121398e-07,True
calibration,45,4,16,kda.layer-45.p16.worker-02,2,12,18,16051224,430080,0.4864,,,8,1,1.1187574470121398e-07,True
calibration,45,4,16,kda.layer-45.p16.worker-03,3,18,24,16051224,430080,0.4843,,,8,1,1.1187574470121398e-07,True
calibration,45,4,16,kda.layer-45.p16.worker-04,4,24,30,16051224,430080,0.4832,,,8,1,1.1187574470121398e-07,True
calibration,45,4,16,kda.layer-45.p16.worker-05,5,30,36,16051224,430080,0.4806,,,8,1,1.1187574470121398e-07,True
calibration,45,4,16,kda.layer-45.p16.worker-06,6,36,42,16051224,430080,0.4839,,,8,1,1.1187574470121398e-07,True
calibration,45,4,16,kda.layer-45.p16.worker-07,7,42,48,16051224,430080,0.4891,,,8,1,1.1187574470121398e-07,True
calibration,45,4,16,kda.layer-45.p16.worker-08,8,48,54,16051224,430080,0.4833,,,8,1,1.1187574470121398e-07,True
calibration,45,4,16,kda.layer-45.p16.worker-09,9,54,60,16051224,430080,0.485,,,8,1,1.1187574470121398e-07,True
calibration,45,4,16,kda.layer-45.p16.worker-10,10,60,66,16051224,430080,0.4847,,,8,1,1.1187574470121398e-07,True
calibration,45,4,16,kda.layer-45.p16.worker-11,11,66,72,16051224,430080,0.4817,,,8,1,1.1187574470121398e-07,True
calibration,45,4,16,kda.layer-45.p16.worker-12,12,72,78,16051224,430080,0.4806,,,8,1,1.1187574470121398e-07,True
calibration,45,4,16,kda.layer-45.p16.worker-13,13,78,84,16051224,430080,0.4812,,,8,1,1.1187574470121398e-07,True
calibration,45,4,16,kda.layer-45.p16.worker-14,14,84,90,16051224,430080,0.4792,,,8,1,1.1187574470121398e-07,True
calibration,45,4,16,kda.layer-45.p16.worker-15,15,90,96,16051224,430080,0.4828,,,8,1,1.1187574470121398e-07,True
calibration,45,4,32,kda.layer-45.p32.worker-00,0,0,3,8025612,215040,0.3874,,,8,1,1.1254593608699046e-07,True
calibration,45,4,32,kda.layer-45.p32.worker-01,1,3,6,8025612,215040,0.3871,,,8,1,1.1254593608699046e-07,True
calibration,45,4,32,kda.layer-45.p32.worker-02,2,6,9,8025612,215040,0.3889,,,8,1,1.1254593608699046e-07,True
calibration,45,4,32,kda.layer-45.p32.worker-03,3,9,12,8025612,215040,0.388,,,8,1,1.1254593608699046e-07,True
calibration,45,4,32,kda.layer-45.p32.worker-04,4,12,15,8025612,215040,0.3842,,,8,1,1.1254593608699046e-07,True
calibration,45,4,32,kda.layer-45.p32.worker-05,5,15,18,8025612,215040,0.3878,,,8,1,1.1254593608699046e-07,True
calibration,45,4,32,kda.layer-45.p32.worker-06,6,18,21,8025612,215040,0.3859,,,8,1,1.1254593608699046e-07,True
calibration,45,4,32,kda.layer-45.p32.worker-07,7,21,24,8025612,215040,0.3886,,,8,1,1.1254593608699046e-07,True
calibration,45,4,32,kda.layer-45.p32.worker-08,8,24,27,8025612,215040,0.3847,,,8,1,1.1254593608699046e-07,True
calibration,45,4,32,kda.layer-45.p32.worker-09,9,27,30,8025612,215040,0.387,,,8,1,1.1254593608699046e-07,True
calibration,45,4,32,kda.layer-45.p32.worker-10,10,30,33,8025612,215040,0.392,,,8,1,1.1254593608699046e-07,True
calibration,45,4,32,kda.layer-45.p32.worker-11,11,33,36,8025612,215040,0.3849,,,8,1,1.1254593608699046e-07,True
calibration,45,4,32,kda.layer-45.p32.worker-12,12,36,39,8025612,215040,0.394,,,8,1,1.1254593608699046e-07,True
calibration,45,4,32,kda.layer-45.p32.worker-13,13,39,42,8025612,215040,0.39,,,8,1,1.1254593608699046e-07,True
calibration,45,4,32,kda.layer-45.p32.worker-14,14,42,45,8025612,215040,0.4047,,,8,1,1.1254593608699046e-07,True
calibration,45,4,32,kda.layer-45.p32.worker-15,15,45,48,8025612,215040,0.3851,,,8,1,1.1254593608699046e-07,True
calibration,45,4,32,kda.layer-45.p32.worker-16,16,48,51,8025612,215040,0.3872,,,8,1,1.1254593608699046e-07,True
calibration,45,4,32,kda.layer-45.p32.worker-17,17,51,54,8025612,215040,0.387,,,8,1,1.1254593608699046e-07,True
calibration,45,4,32,kda.layer-45.p32.worker-18,18,54,57,8025612,215040,0.3847,,,8,1,1.1254593608699046e-07,True
calibration,45,4,32,kda.layer-45.p32.worker-19,19,57,60,8025612,215040,0.3847,,,8,1,1.1254593608699046e-07,True
calibration,45,4,32,kda.layer-45.p32.worker-20,20,60,63,8025612,215040,0.3855,,,8,1,1.1254593608699046e-07,True
calibration,45,4,32,kda.layer-45.p32.worker-21,21,63,66,8025612,215040,0.3849,,,8,1,1.1254593608699046e-07,True
calibration,45,4,32,kda.layer-45.p32.worker-22,22,66,69,8025612,215040,0.3867,,,8,1,1.1254593608699046e-07,True
calibration,45,4,32,kda.layer-45.p32.worker-23,23,69,72,8025612,215040,0.5546,,,8,1,1.1254593608699046e-07,True
calibration,45,4,32,kda.layer-45.p32.worker-24,24,72,75,8025612,215040,0.3891,,,8,1,1.1254593608699046e-07,True
calibration,45,4,32,kda.layer-45.p32.worker-25,25,75,78,8025612,215040,0.3867,,,8,1,1.1254593608699046e-07,True
calibration,45,4,32,kda.layer-45.p32.worker-26,26,78,81,8025612,215040,0.3867,,,8,1,1.1254593608699046e-07,True
calibration,45,4,32,kda.layer-45.p32.worker-27,27,81,84,8025612,215040,0.3893,,,8,1,1.1254593608699046e-07,True
calibration,45,4,32,kda.layer-45.p32.worker-28,28,84,87,8025612,215040,0.3859,,,8,1,1.1254593608699046e-07,True
calibration,45,4,32,kda.layer-45.p32.worker-29,29,87,90,8025612,215040,0.3846,,,8,1,1.1254593608699046e-07,True
calibration,45,4,32,kda.layer-45.p32.worker-30,30,90,93,8025612,215040,0.3853,,,8,1,1.1254593608699046e-07,True
calibration,45,4,32,kda.layer-45.p32.worker-31,31,93,96,8025612,215040,0.3865,,,8,1,1.1254593608699046e-07,True
heldout,89,1,4,kda.layer-89.p4.worker-00,0,0,24,64204896,1720320,0.359,,,8,1,0.0,True
heldout,89,1,4,kda.layer-89.p4.worker-01,1,24,48,64204896,1720320,0.361,,,8,1,0.0,True
heldout,89,1,4,kda.layer-89.p4.worker-02,2,48,72,64204896,1720320,0.3575,,,8,1,0.0,True
heldout,89,1,4,kda.layer-89.p4.worker-03,3,72,96,64204896,1720320,0.3735,,,8,1,0.0,True
heldout,89,1,8,kda.layer-89.p8.worker-00,0,0,12,32102448,860160,0.2813,,,8,1,1.616721572603269e-07,True
heldout,89,1,8,kda.layer-89.p8.worker-01,1,12,24,32102448,860160,0.2833,,,8,1,1.616721572603269e-07,True
heldout,89,1,8,kda.layer-89.p8.worker-02,2,24,36,32102448,860160,0.2808,,,8,1,1.616721572603269e-07,True
heldout,89,1,8,kda.layer-89.p8.worker-03,3,36,48,32102448,860160,0.2827,,,8,1,1.616721572603269e-07,True
heldout,89,1,8,kda.layer-89.p8.worker-04,4,48,60,32102448,860160,0.2823,,,8,1,1.616721572603269e-07,True
heldout,89,1,8,kda.layer-89.p8.worker-05,5,60,72,32102448,860160,0.2808,,,8,1,1.616721572603269e-07,True
heldout,89,1,8,kda.layer-89.p8.worker-06,6,72,84,32102448,860160,0.2802,,,8,1,1.616721572603269e-07,True
heldout,89,1,8,kda.layer-89.p8.worker-07,7,84,96,32102448,860160,0.2835,,,8,1,1.616721572603269e-07,True
heldout,89,1,16,kda.layer-89.p16.worker-00,0,0,6,16051224,430080,0.255,,,8,1,1.652614363024748e-07,True
heldout,89,1,16,kda.layer-89.p16.worker-01,1,6,12,16051224,430080,0.2586,,,8,1,1.652614363024748e-07,True
heldout,89,1,16,kda.layer-89.p16.worker-02,2,12,18,16051224,430080,0.2613,,,8,1,1.652614363024748e-07,True
heldout,89,1,16,kda.layer-89.p16.worker-03,3,18,24,16051224,430080,0.2721,,,8,1,1.652614363024748e-07,True
heldout,89,1,16,kda.layer-89.p16.worker-04,4,24,30,16051224,430080,0.2407,,,8,1,1.652614363024748e-07,True
heldout,89,1,16,kda.layer-89.p16.worker-05,5,30,36,16051224,430080,0.2558,,,8,1,1.652614363024748e-07,True
heldout,89,1,16,kda.layer-89.p16.worker-06,6,36,42,16051224,430080,0.2586,,,8,1,1.652614363024748e-07,True
heldout,89,1,16,kda.layer-89.p16.worker-07,7,42,48,16051224,430080,0.2542,,,8,1,1.652614363024748e-07,True
heldout,89,1,16,kda.layer-89.p16.worker-08,8,48,54,16051224,430080,0.263,,,8,1,1.652614363024748e-07,True
heldout,89,1,16,kda.layer-89.p16.worker-09,9,54,60,16051224,430080,0.2527,,,8,1,1.652614363024748e-07,True
heldout,89,1,16,kda.layer-89.p16.worker-10,10,60,66,16051224,430080,0.2631,,,8,1,1.652614363024748e-07,True
heldout,89,1,16,kda.layer-89.p16.worker-11,11,66,72,16051224,430080,0.239,,,8,1,1.652614363024748e-07,True
heldout,89,1,16,kda.layer-89.p16.worker-12,12,72,78,16051224,430080,0.2557,,,8,1,1.652614363024748e-07,True
heldout,89,1,16,kda.layer-89.p16.worker-13,13,78,84,16051224,430080,0.2578,,,8,1,1.652614363024748e-07,True
heldout,89,1,16,kda.layer-89.p16.worker-14,14,84,90,16051224,430080,0.2583,,,8,1,1.652614363024748e-07,True
heldout,89,1,16,kda.layer-89.p16.worker-15,15,90,96,16051224,430080,0.2662,,,8,1,1.652614363024748e-07,True
heldout,89,1,32,kda.layer-89.p32.worker-00,0,0,3,8025612,215040,0.1882,,,8,1,1.6478082787920144e-07,True
heldout,89,1,32,kda.layer-89.p32.worker-01,1,3,6,8025612,215040,0.1872,,,8,1,1.6478082787920144e-07,True
heldout,89,1,32,kda.layer-89.p32.worker-02,2,6,9,8025612,215040,0.1881,,,8,1,1.6478082787920144e-07,True
heldout,89,1,32,kda.layer-89.p32.worker-03,3,9,12,8025612,215040,0.1876,,,8,1,1.6478082787920144e-07,True
heldout,89,1,32,kda.layer-89.p32.worker-04,4,12,15,8025612,215040,0.1871,,,8,1,1.6478082787920144e-07,True
heldout,89,1,32,kda.layer-89.p32.worker-05,5,15,18,8025612,215040,0.1884,,,8,1,1.6478082787920144e-07,True
heldout,89,1,32,kda.layer-89.p32.worker-06,6,18,21,8025612,215040,0.1872,,,8,1,1.6478082787920144e-07,True
heldout,89,1,32,kda.layer-89.p32.worker-07,7,21,24,8025612,215040,0.1911,,,8,1,1.6478082787920144e-07,True
heldout,89,1,32,kda.layer-89.p32.worker-08,8,24,27,8025612,215040,0.1928,,,8,1,1.6478082787920144e-07,True
heldout,89,1,32,kda.layer-89.p32.worker-09,9,27,30,8025612,215040,0.1861,,,8,1,1.6478082787920144e-07,True
heldout,89,1,32,kda.layer-89.p32.worker-10,10,30,33,8025612,215040,0.1912,,,8,1,1.6478082787920144e-07,True
heldout,89,1,32,kda.layer-89.p32.worker-11,11,33,36,8025612,215040,0.1925,,,8,1,1.6478082787920144e-07,True
heldout,89,1,32,kda.layer-89.p32.worker-12,12,36,39,8025612,215040,0.1864,,,8,1,1.6478082787920144e-07,True
heldout,89,1,32,kda.layer-89.p32.worker-13,13,39,42,8025612,215040,0.2078,,,8,1,1.6478082787920144e-07,True
heldout,89,1,32,kda.layer-89.p32.worker-14,14,42,45,8025612,215040,0.2027,,,8,1,1.6478082787920144e-07,True
heldout,89,1,32,kda.layer-89.p32.worker-15,15,45,48,8025612,215040,0.1876,,,8,1,1.6478082787920144e-07,True
heldout,89,1,32,kda.layer-89.p32.worker-16,16,48,51,8025612,215040,0.1865,,,8,1,1.6478082787920144e-07,True
heldout,89,1,32,kda.layer-89.p32.worker-17,17,51,54,8025612,215040,0.1968,,,8,1,1.6478082787920144e-07,True
heldout,89,1,32,kda.layer-89.p32.worker-18,18,54,57,8025612,215040,0.1874,,,8,1,1.6478082787920144e-07,True
heldout,89,1,32,kda.layer-89.p32.worker-19,19,57,60,8025612,215040,0.1963,,,8,1,1.6478082787920144e-07,True
heldout,89,1,32,kda.layer-89.p32.worker-20,20,60,63,8025612,215040,0.187,,,8,1,1.6478082787920144e-07,True
heldout,89,1,32,kda.layer-89.p32.worker-21,21,63,66,8025612,215040,0.1882,,,8,1,1.6478082787920144e-07,True
heldout,89,1,32,kda.layer-89.p32.worker-22,22,66,69,8025612,215040,0.1866,,,8,1,1.6478082787920144e-07,True
heldout,89,1,32,kda.layer-89.p32.worker-23,23,69,72,8025612,215040,0.1869,,,8,1,1.6478082787920144e-07,True
heldout,89,1,32,kda.layer-89.p32.worker-24,24,72,75,8025612,215040,0.1963,,,8,1,1.6478082787920144e-07,True
heldout,89,1,32,kda.layer-89.p32.worker-25,25,75,78,8025612,215040,0.1944,,,8,1,1.6478082787920144e-07,True
heldout,89,1,32,kda.layer-89.p32.worker-26,26,78,81,8025612,215040,0.1918,,,8,1,1.6478082787920144e-07,True
heldout,89,1,32,kda.layer-89.p32.worker-27,27,81,84,8025612,215040,0.1873,,,8,1,1.6478082787920144e-07,True
heldout,89,1,32,kda.layer-89.p32.worker-28,28,84,87,8025612,215040,0.1882,,,8,1,1.6478082787920144e-07,True
heldout,89,1,32,kda.layer-89.p32.worker-29,29,87,90,8025612,215040,0.1885,,,8,1,1.6478082787920144e-07,True
heldout,89,1,32,kda.layer-89.p32.worker-30,30,90,93,8025612,215040,0.1861,,,8,1,1.6478082787920144e-07,True
heldout,89,1,32,kda.layer-89.p32.worker-31,31,93,96,8025612,215040,0.1861,,,8,1,1.6478082787920144e-07,True
heldout,89,2,4,kda.layer-89.p4.worker-00,0,0,24,64204896,1720320,0.5512,,,8,1,0.0,True
heldout,89,2,4,kda.layer-89.p4.worker-01,1,24,48,64204896,1720320,0.5457,,,8,1,0.0,True
heldout,89,2,4,kda.layer-89.p4.worker-02,2,48,72,64204896,1720320,0.5615,,,8,1,0.0,True
heldout,89,2,4,kda.layer-89.p4.worker-03,3,72,96,64204896,1720320,0.5456,,,8,1,0.0,True
heldout,89,2,8,kda.layer-89.p8.worker-00,0,0,12,32102448,860160,0.4015,,,8,1,1.6313232175345826e-07,True
heldout,89,2,8,kda.layer-89.p8.worker-01,1,12,24,32102448,860160,0.3951,,,8,1,1.6313232175345826e-07,True
heldout,89,2,8,kda.layer-89.p8.worker-02,2,24,36,32102448,860160,0.3942,,,8,1,1.6313232175345826e-07,True
heldout,89,2,8,kda.layer-89.p8.worker-03,3,36,48,32102448,860160,0.3958,,,8,1,1.6313232175345826e-07,True
heldout,89,2,8,kda.layer-89.p8.worker-04,4,48,60,32102448,860160,0.3947,,,8,1,1.6313232175345826e-07,True
heldout,89,2,8,kda.layer-89.p8.worker-05,5,60,72,32102448,860160,0.3944,,,8,1,1.6313232175345826e-07,True
heldout,89,2,8,kda.layer-89.p8.worker-06,6,72,84,32102448,860160,0.3816,,,8,1,1.6313232175345826e-07,True
heldout,89,2,8,kda.layer-89.p8.worker-07,7,84,96,32102448,860160,0.3956,,,8,1,1.6313232175345826e-07,True
heldout,89,2,16,kda.layer-89.p16.worker-00,0,0,6,16051224,430080,0.3272,,,8,1,1.6864494283361326e-07,True
heldout,89,2,16,kda.layer-89.p16.worker-01,1,6,12,16051224,430080,0.3212,,,8,1,1.6864494283361326e-07,True
heldout,89,2,16,kda.layer-89.p16.worker-02,2,12,18,16051224,430080,0.3246,,,8,1,1.6864494283361326e-07,True
heldout,89,2,16,kda.layer-89.p16.worker-03,3,18,24,16051224,430080,0.3202,,,8,1,1.6864494283361326e-07,True
heldout,89,2,16,kda.layer-89.p16.worker-04,4,24,30,16051224,430080,0.3165,,,8,1,1.6864494283361326e-07,True
heldout,89,2,16,kda.layer-89.p16.worker-05,5,30,36,16051224,430080,0.3231,,,8,1,1.6864494283361326e-07,True
heldout,89,2,16,kda.layer-89.p16.worker-06,6,36,42,16051224,430080,0.3145,,,8,1,1.6864494283361326e-07,True
heldout,89,2,16,kda.layer-89.p16.worker-07,7,42,48,16051224,430080,0.3194,,,8,1,1.6864494283361326e-07,True
heldout,89,2,16,kda.layer-89.p16.worker-08,8,48,54,16051224,430080,0.3177,,,8,1,1.6864494283361326e-07,True
heldout,89,2,16,kda.layer-89.p16.worker-09,9,54,60,16051224,430080,0.3181,,,8,1,1.6864494283361326e-07,True
heldout,89,2,16,kda.layer-89.p16.worker-10,10,60,66,16051224,430080,0.3187,,,8,1,1.6864494283361326e-07,True
heldout,89,2,16,kda.layer-89.p16.worker-11,11,66,72,16051224,430080,0.318,,,8,1,1.6864494283361326e-07,True
heldout,89,2,16,kda.layer-89.p16.worker-12,12,72,78,16051224,430080,0.3156,,,8,1,1.6864494283361326e-07,True
heldout,89,2,16,kda.layer-89.p16.worker-13,13,78,84,16051224,430080,0.3033,,,8,1,1.6864494283361326e-07,True
heldout,89,2,16,kda.layer-89.p16.worker-14,14,84,90,16051224,430080,0.3183,,,8,1,1.6864494283361326e-07,True
heldout,89,2,16,kda.layer-89.p16.worker-15,15,90,96,16051224,430080,0.3203,,,8,1,1.6864494283361326e-07,True
heldout,89,2,32,kda.layer-89.p32.worker-00,0,0,3,8025612,215040,0.2569,,,8,1,1.692368576601824e-07,True
heldout,89,2,32,kda.layer-89.p32.worker-01,1,3,6,8025612,215040,0.257,,,8,1,1.692368576601824e-07,True
heldout,89,2,32,kda.layer-89.p32.worker-02,2,6,9,8025612,215040,0.2576,,,8,1,1.692368576601824e-07,True
heldout,89,2,32,kda.layer-89.p32.worker-03,3,9,12,8025612,215040,0.2771,,,8,1,1.692368576601824e-07,True
heldout,89,2,32,kda.layer-89.p32.worker-04,4,12,15,8025612,215040,0.2571,,,8,1,1.692368576601824e-07,True
heldout,89,2,32,kda.layer-89.p32.worker-05,5,15,18,8025612,215040,0.2584,,,8,1,1.692368576601824e-07,True
heldout,89,2,32,kda.layer-89.p32.worker-06,6,18,21,8025612,215040,0.2825,,,8,1,1.692368576601824e-07,True
heldout,89,2,32,kda.layer-89.p32.worker-07,7,21,24,8025612,215040,0.2829,,,8,1,1.692368576601824e-07,True
heldout,89,2,32,kda.layer-89.p32.worker-08,8,24,27,8025612,215040,0.2595,,,8,1,1.692368576601824e-07,True
heldout,89,2,32,kda.layer-89.p32.worker-09,9,27,30,8025612,215040,0.2578,,,8,1,1.692368576601824e-07,True
heldout,89,2,32,kda.layer-89.p32.worker-10,10,30,33,8025612,215040,0.257,,,8,1,1.692368576601824e-07,True
heldout,89,2,32,kda.layer-89.p32.worker-11,11,33,36,8025612,215040,0.2615,,,8,1,1.692368576601824e-07,True
heldout,89,2,32,kda.layer-89.p32.worker-12,12,36,39,8025612,215040,0.2628,,,8,1,1.692368576601824e-07,True
heldout,89,2,32,kda.layer-89.p32.worker-13,13,39,42,8025612,215040,0.262,,,8,1,1.692368576601824e-07,True
heldout,89,2,32,kda.layer-89.p32.worker-14,14,42,45,8025612,215040,0.2589,,,8,1,1.692368576601824e-07,True
heldout,89,2,32,kda.layer-89.p32.worker-15,15,45,48,8025612,215040,0.2569,,,8,1,1.692368576601824e-07,True
heldout,89,2,32,kda.layer-89.p32.worker-16,16,48,51,8025612,215040,0.257,,,8,1,1.692368576601824e-07,True
heldout,89,2,32,kda.layer-89.p32.worker-17,17,51,54,8025612,215040,0.2574,,,8,1,1.692368576601824e-07,True
heldout,89,2,32,kda.layer-89.p32.worker-18,18,54,57,8025612,215040,0.2593,,,8,1,1.692368576601824e-07,True
heldout,89,2,32,kda.layer-89.p32.worker-19,19,57,60,8025612,215040,0.258,,,8,1,1.692368576601824e-07,True
heldout,89,2,32,kda.layer-89.p32.worker-20,20,60,63,8025612,215040,0.2577,,,8,1,1.692368576601824e-07,True
heldout,89,2,32,kda.layer-89.p32.worker-21,21,63,66,8025612,215040,0.257,,,8,1,1.692368576601824e-07,True
heldout,89,2,32,kda.layer-89.p32.worker-22,22,66,69,8025612,215040,0.2661,,,8,1,1.692368576601824e-07,True
heldout,89,2,32,kda.layer-89.p32.worker-23,23,69,72,8025612,215040,0.2585,,,8,1,1.692368576601824e-07,True
heldout,89,2,32,kda.layer-89.p32.worker-24,24,72,75,8025612,215040,0.2634,,,8,1,1.692368576601824e-07,True
heldout,89,2,32,kda.layer-89.p32.worker-25,25,75,78,8025612,215040,0.2571,,,8,1,1.692368576601824e-07,True
heldout,89,2,32,kda.layer-89.p32.worker-26,26,78,81,8025612,215040,0.2811,,,8,1,1.692368576601824e-07,True
heldout,89,2,32,kda.layer-89.p32.worker-27,27,81,84,8025612,215040,0.2635,,,8,1,1.692368576601824e-07,True
heldout,89,2,32,kda.layer-89.p32.worker-28,28,84,87,8025612,215040,0.2583,,,8,1,1.692368576601824e-07,True
heldout,89,2,32,kda.layer-89.p32.worker-29,29,87,90,8025612,215040,0.258,,,8,1,1.692368576601824e-07,True
heldout,89,2,32,kda.layer-89.p32.worker-30,30,90,93,8025612,215040,0.2578,,,8,1,1.692368576601824e-07,True
heldout,89,2,32,kda.layer-89.p32.worker-31,31,93,96,8025612,215040,0.2576,,,8,1,1.692368576601824e-07,True
heldout,89,4,4,kda.layer-89.p4.worker-00,0,0,24,64204896,1720320,0.9282,,,8,1,0.0,True
heldout,89,4,4,kda.layer-89.p4.worker-01,1,24,48,64204896,1720320,0.924,,,8,1,0.0,True
heldout,89,4,4,kda.layer-89.p4.worker-02,2,48,72,64204896,1720320,0.9266,,,8,1,0.0,True
heldout,89,4,4,kda.layer-89.p4.worker-03,3,72,96,64204896,1720320,0.9264,,,8,1,0.0,True
heldout,89,4,8,kda.layer-89.p8.worker-00,0,0,12,32102448,860160,0.634,,,8,1,1.5557682762454336e-07,True
heldout,89,4,8,kda.layer-89.p8.worker-01,1,12,24,32102448,860160,0.6303,,,8,1,1.5557682762454336e-07,True
heldout,89,4,8,kda.layer-89.p8.worker-02,2,24,36,32102448,860160,0.6316,,,8,1,1.5557682762454336e-07,True
heldout,89,4,8,kda.layer-89.p8.worker-03,3,36,48,32102448,860160,0.6314,,,8,1,1.5557682762454336e-07,True
heldout,89,4,8,kda.layer-89.p8.worker-04,4,48,60,32102448,860160,0.6332,,,8,1,1.5557682762454336e-07,True
heldout,89,4,8,kda.layer-89.p8.worker-05,5,60,72,32102448,860160,0.6314,,,8,1,1.5557682762454336e-07,True
heldout,89,4,8,kda.layer-89.p8.worker-06,6,72,84,32102448,860160,0.6329,,,8,1,1.5557682762454336e-07,True
heldout,89,4,8,kda.layer-89.p8.worker-07,7,84,96,32102448,860160,0.6334,,,8,1,1.5557682762454336e-07,True
heldout,89,4,16,kda.layer-89.p16.worker-00,0,0,6,16051224,430080,0.4871,,,8,1,1.6048663693348518e-07,True
heldout,89,4,16,kda.layer-89.p16.worker-01,1,6,12,16051224,430080,0.4889,,,8,1,1.6048663693348518e-07,True
heldout,89,4,16,kda.layer-89.p16.worker-02,2,12,18,16051224,430080,0.4839,,,8,1,1.6048663693348518e-07,True
heldout,89,4,16,kda.layer-89.p16.worker-03,3,18,24,16051224,430080,0.4858,,,8,1,1.6048663693348518e-07,True
heldout,89,4,16,kda.layer-89.p16.worker-04,4,24,30,16051224,430080,0.4842,,,8,1,1.6048663693348518e-07,True
heldout,89,4,16,kda.layer-89.p16.worker-05,5,30,36,16051224,430080,0.4811,,,8,1,1.6048663693348518e-07,True
heldout,89,4,16,kda.layer-89.p16.worker-06,6,36,42,16051224,430080,0.4828,,,8,1,1.6048663693348518e-07,True
heldout,89,4,16,kda.layer-89.p16.worker-07,7,42,48,16051224,430080,0.489,,,8,1,1.6048663693348518e-07,True
heldout,89,4,16,kda.layer-89.p16.worker-08,8,48,54,16051224,430080,0.4874,,,8,1,1.6048663693348518e-07,True
heldout,89,4,16,kda.layer-89.p16.worker-09,9,54,60,16051224,430080,0.4803,,,8,1,1.6048663693348518e-07,True
heldout,89,4,16,kda.layer-89.p16.worker-10,10,60,66,16051224,430080,0.4874,,,8,1,1.6048663693348518e-07,True
heldout,89,4,16,kda.layer-89.p16.worker-11,11,66,72,16051224,430080,0.4831,,,8,1,1.6048663693348518e-07,True
heldout,89,4,16,kda.layer-89.p16.worker-12,12,72,78,16051224,430080,0.484,,,8,1,1.6048663693348518e-07,True
heldout,89,4,16,kda.layer-89.p16.worker-13,13,78,84,16051224,430080,0.4811,,,8,1,1.6048663693348518e-07,True
heldout,89,4,16,kda.layer-89.p16.worker-14,14,84,90,16051224,430080,0.483,,,8,1,1.6048663693348518e-07,True
heldout,89,4,16,kda.layer-89.p16.worker-15,15,90,96,16051224,430080,0.4777,,,8,1,1.6048663693348518e-07,True
heldout,89,4,32,kda.layer-89.p32.worker-00,0,0,3,8025612,215040,0.3868,,,8,1,1.6053277313571667e-07,True
heldout,89,4,32,kda.layer-89.p32.worker-01,1,3,6,8025612,215040,0.3861,,,8,1,1.6053277313571667e-07,True
heldout,89,4,32,kda.layer-89.p32.worker-02,2,6,9,8025612,215040,0.3866,,,8,1,1.6053277313571667e-07,True
heldout,89,4,32,kda.layer-89.p32.worker-03,3,9,12,8025612,215040,0.3865,,,8,1,1.6053277313571667e-07,True
heldout,89,4,32,kda.layer-89.p32.worker-04,4,12,15,8025612,215040,0.3845,,,8,1,1.6053277313571667e-07,True
heldout,89,4,32,kda.layer-89.p32.worker-05,5,15,18,8025612,215040,0.3838,,,8,1,1.6053277313571667e-07,True
heldout,89,4,32,kda.layer-89.p32.worker-06,6,18,21,8025612,215040,0.3852,,,8,1,1.6053277313571667e-07,True
heldout,89,4,32,kda.layer-89.p32.worker-07,7,21,24,8025612,215040,0.3851,,,8,1,1.6053277313571667e-07,True
heldout,89,4,32,kda.layer-89.p32.worker-08,8,24,27,8025612,215040,0.4207,,,8,1,1.6053277313571667e-07,True
heldout,89,4,32,kda.layer-89.p32.worker-09,9,27,30,8025612,215040,0.3873,,,8,1,1.6053277313571667e-07,True
heldout,89,4,32,kda.layer-89.p32.worker-10,10,30,33,8025612,215040,0.3858,,,8,1,1.6053277313571667e-07,True
heldout,89,4,32,kda.layer-89.p32.worker-11,11,33,36,8025612,215040,0.3873,,,8,1,1.6053277313571667e-07,True
heldout,89,4,32,kda.layer-89.p32.worker-12,12,36,39,8025612,215040,0.3868,,,8,1,1.6053277313571667e-07,True
heldout,89,4,32,kda.layer-89.p32.worker-13,13,39,42,8025612,215040,0.3903,,,8,1,1.6053277313571667e-07,True
heldout,89,4,32,kda.layer-89.p32.worker-14,14,42,45,8025612,215040,0.3864,,,8,1,1.6053277313571667e-07,True
heldout,89,4,32,kda.layer-89.p32.worker-15,15,45,48,8025612,215040,0.3858,,,8,1,1.6053277313571667e-07,True
heldout,89,4,32,kda.layer-89.p32.worker-16,16,48,51,8025612,215040,0.387,,,8,1,1.6053277313571667e-07,True
heldout,89,4,32,kda.layer-89.p32.worker-17,17,51,54,8025612,215040,0.3877,,,8,1,1.6053277313571667e-07,True
heldout,89,4,32,kda.layer-89.p32.worker-18,18,54,57,8025612,215040,0.387,,,8,1,1.6053277313571667e-07,True
heldout,89,4,32,kda.layer-89.p32.worker-19,19,57,60,8025612,215040,0.3849,,,8,1,1.6053277313571667e-07,True
heldout,89,4,32,kda.layer-89.p32.worker-20,20,60,63,8025612,215040,0.3858,,,8,1,1.6053277313571667e-07,True
heldout,89,4,32,kda.layer-89.p32.worker-21,21,63,66,8025612,215040,0.3849,,,8,1,1.6053277313571667e-07,True
heldout,89,4,32,kda.layer-89.p32.worker-22,22,66,69,8025612,215040,0.388,,,8,1,1.6053277313571667e-07,True
heldout,89,4,32,kda.layer-89.p32.worker-23,23,69,72,8025612,215040,0.3903,,,8,1,1.6053277313571667e-07,True
heldout,89,4,32,kda.layer-89.p32.worker-24,24,72,75,8025612,215040,0.3869,,,8,1,1.6053277313571667e-07,True
heldout,89,4,32,kda.layer-89.p32.worker-25,25,75,78,8025612,215040,0.3866,,,8,1,1.6053277313571667e-07,True
heldout,89,4,32,kda.layer-89.p32.worker-26,26,78,81,8025612,215040,0.3903,,,8,1,1.6053277313571667e-07,True
heldout,89,4,32,kda.layer-89.p32.worker-27,27,81,84,8025612,215040,0.3863,,,8,1,1.6053277313571667e-07,True
heldout,89,4,32,kda.layer-89.p32.worker-28,28,84,87,8025612,215040,0.3857,,,8,1,1.6053277313571667e-07,True
heldout,89,4,32,kda.layer-89.p32.worker-29,29,87,90,8025612,215040,0.3861,,,8,1,1.6053277313571667e-07,True
heldout,89,4,32,kda.layer-89.p32.worker-30,30,90,93,8025612,215040,0.3856,,,8,1,1.6053277313571667e-07,True
heldout,89,4,32,kda.layer-89.p32.worker-31,31,93,96,8025612,215040,0.3862,,,8,1,1.6053277313571667e-07,True
