degree,rows,operator,worker_id,stripe_index,checkpoint_bytes,runtime_weight_bytes,wall_p50_ms,cuda_p50_ms,host_overhead_p50_ms
4,1,shared_expert,layer-89.shared_expert_stripe.worker-00,0,66060288,18579456,0.1433,0.11971200257539749,0.014019999074935924
4,1,shared_expert,layer-89.shared_expert_stripe.worker-01,1,66060288,18579456,0.1386,0.11807999759912491,0.020520002400875093
4,1,shared_expert,layer-89.shared_expert_stripe.worker-02,2,66060288,18579456,0.1371,0.12035199999809265,0.01760400199890136
4,1,shared_expert,layer-89.shared_expert_stripe.worker-03,3,66060288,18579456,0.1353,0.11641599982976913,0.016628003656864176
4,2,shared_expert,layer-89.shared_expert_stripe.worker-00,0,66060288,18579456,0.1855,0.17190399765968323,0.013728007316589352
4,2,shared_expert,layer-89.shared_expert_stripe.worker-01,1,66060288,18579456,0.1794,0.16233600676059723,0.017063993239402775
4,2,shared_expert,layer-89.shared_expert_stripe.worker-02,2,66060288,18579456,0.1724,0.15779200196266174,0.01445200555324555
4,2,shared_expert,layer-89.shared_expert_stripe.worker-03,3,66060288,18579456,0.184,0.16828800737857819,0.017011992621421806
4,4,shared_expert,layer-89.shared_expert_stripe.worker-00,0,66060288,18579456,0.2802,0.26230400800704956,0.018211994457244862
4,4,shared_expert,layer-89.shared_expert_stripe.worker-01,1,66060288,18579456,0.2729,0.2533760070800781,0.01952399291992185
4,4,shared_expert,layer-89.shared_expert_stripe.worker-02,2,66060288,18579456,0.2669,0.2494720071554184,0.0212040066957474
4,4,shared_expert,layer-89.shared_expert_stripe.worker-03,3,66060288,18579456,0.273,0.2516480088233948,0.019564011383056634
8,1,shared_expert,layer-89.shared_expert_stripe.worker-00,0,33030144,9289728,0.1078,0.09417600184679031,0.013623998153209693
8,1,shared_expert,layer-89.shared_expert_stripe.worker-01,1,33030144,9289728,0.0988,0.08617600053548813,0.013528002107143403
8,1,shared_expert,layer-89.shared_expert_stripe.worker-02,2,33030144,9289728,0.1001,0.0865280032157898,0.013159997010231017
8,1,shared_expert,layer-89.shared_expert_stripe.worker-03,3,33030144,9289728,0.098,0.084927998483181,0.014083999323844909
8,1,shared_expert,layer-89.shared_expert_stripe.worker-04,4,33030144,9289728,0.1088,0.09494400024414062,0.012659999728202823
8,1,shared_expert,layer-89.shared_expert_stripe.worker-05,5,33030144,9289728,0.1039,0.09040000289678574,0.01349999710321427
8,1,shared_expert,layer-89.shared_expert_stripe.worker-06,6,33030144,9289728,0.1014,0.08796799927949905,0.013371996784210208
8,1,shared_expert,layer-89.shared_expert_stripe.worker-07,7,33030144,9289728,0.1153,0.10265599936246872,0.014187998592853551
8,2,shared_expert,layer-89.shared_expert_stripe.worker-00,0,33030144,9289728,0.1299,0.11695999652147293,0.012940003478527057
8,2,shared_expert,layer-89.shared_expert_stripe.worker-01,1,33030144,9289728,0.1279,0.11494400352239609,0.013087998735904688
8,2,shared_expert,layer-89.shared_expert_stripe.worker-02,2,33030144,9289728,0.1289,0.1093439981341362,0.015956001865863795
8,2,shared_expert,layer-89.shared_expert_stripe.worker-03,3,33030144,9289728,0.1261,0.11292800307273865,0.013307997798919668
8,2,shared_expert,layer-89.shared_expert_stripe.worker-04,4,33030144,9289728,0.1274,0.11356800049543381,0.013831999504566206
8,2,shared_expert,layer-89.shared_expert_stripe.worker-05,5,33030144,9289728,0.1247,0.11020799726247787,0.01362800089120865
8,2,shared_expert,layer-89.shared_expert_stripe.worker-06,6,33030144,9289728,0.1252,0.11100800335407257,0.014191996645927435
8,2,shared_expert,layer-89.shared_expert_stripe.worker-07,7,33030144,9289728,0.1249,0.11132799834012985,0.013891996645927426
8,4,shared_expert,layer-89.shared_expert_stripe.worker-00,0,33030144,9289728,0.1812,0.16527999937534332,0.015920000624656677
8,4,shared_expert,layer-89.shared_expert_stripe.worker-01,1,33030144,9289728,0.1828,0.16873599588871002,0.014468001317977902
8,4,shared_expert,layer-89.shared_expert_stripe.worker-02,2,33030144,9289728,0.1786,0.16371199488639832,0.015423994231224036
8,4,shared_expert,layer-89.shared_expert_stripe.worker-03,3,33030144,9289728,0.1746,0.1589439958333969,0.015703992676734918
8,4,shared_expert,layer-89.shared_expert_stripe.worker-04,4,33030144,9289728,0.1734,0.1584639996290207,0.015176005244255053
8,4,shared_expert,layer-89.shared_expert_stripe.worker-05,5,33030144,9289728,0.1754,0.16012799739837646,0.015272002601623536
8,4,shared_expert,layer-89.shared_expert_stripe.worker-06,6,33030144,9289728,0.176,0.16060799360275269,0.015028000473976122
8,4,shared_expert,layer-89.shared_expert_stripe.worker-07,7,33030144,9289728,0.1782,0.16307200491428375,0.015367998600006094
16,1,shared_expert,layer-89.shared_expert_stripe.worker-00,0,16515072,4644864,0.0859,0.07206399738788605,0.01318799723386764
16,1,shared_expert,layer-89.shared_expert_stripe.worker-01,1,16515072,4644864,0.0848,0.07097599655389786,0.013824003446102143
16,1,shared_expert,layer-89.shared_expert_stripe.worker-02,2,16515072,4644864,0.0868,0.0735040009021759,0.013451996970176697
16,1,shared_expert,layer-89.shared_expert_stripe.worker-03,3,16515072,4644864,0.0896,0.07552000135183334,0.01375599759817124
16,1,shared_expert,layer-89.shared_expert_stripe.worker-04,4,16515072,4644864,0.0911,0.07872000336647034,0.012408002996444706
16,1,shared_expert,layer-89.shared_expert_stripe.worker-05,5,16515072,4644864,0.0863,0.0729919970035553,0.013408002996444707
16,1,shared_expert,layer-89.shared_expert_stripe.worker-06,6,16515072,4644864,0.0822,0.06860800087451935,0.014104003024101253
16,1,shared_expert,layer-89.shared_expert_stripe.worker-07,7,16515072,4644864,0.0909,0.07692799717187881,0.01397200282812118
16,1,shared_expert,layer-89.shared_expert_stripe.worker-08,8,16515072,4644864,0.0943,0.07983999699354172,0.013707996952533719
16,1,shared_expert,layer-89.shared_expert_stripe.worker-09,9,16515072,4644864,0.0865,0.07411199808120728,0.013040000522136691
16,1,shared_expert,layer-89.shared_expert_stripe.worker-10,10,16515072,4644864,0.0852,0.07206399738788605,0.013764002931118013
16,1,shared_expert,layer-89.shared_expert_stripe.worker-11,11,16515072,4644864,0.0887,0.07568000257015228,0.013640001225471501
16,1,shared_expert,layer-89.shared_expert_stripe.worker-12,12,16515072,4644864,0.0887,0.07500799745321274,0.014588001918792726
16,1,shared_expert,layer-89.shared_expert_stripe.worker-13,13,16515072,4644864,0.0861,0.07327999919652939,0.013780000662803646
16,1,shared_expert,layer-89.shared_expert_stripe.worker-14,14,16515072,4644864,0.0898,0.07571200281381607,0.01430400236845017
16,1,shared_expert,layer-89.shared_expert_stripe.worker-15,15,16515072,4644864,0.0886,0.07440000027418137,0.014199999725818632
16,2,shared_expert,layer-89.shared_expert_stripe.worker-00,0,16515072,4644864,0.1075,0.09491200000047684,0.013188002061843868
16,2,shared_expert,layer-89.shared_expert_stripe.worker-01,1,16515072,4644864,0.1326,0.11555200070142746,0.014963973045349133
16,2,shared_expert,layer-89.shared_expert_stripe.worker-02,2,16515072,4644864,0.1127,0.09929600358009338,0.013084001529216766
16,2,shared_expert,layer-89.shared_expert_stripe.worker-03,3,16515072,4644864,0.1067,0.09302400052547455,0.01329199655056
16,2,shared_expert,layer-89.shared_expert_stripe.worker-04,4,16515072,4644864,0.1077,0.09408000111579895,0.013619998884201054
16,2,shared_expert,layer-89.shared_expert_stripe.worker-05,5,16515072,4644864,0.1084,0.09478399902582169,0.01361600097417831
16,2,shared_expert,layer-89.shared_expert_stripe.worker-06,6,16515072,4644864,0.1067,0.09391999989748001,0.01304400194883347
16,2,shared_expert,layer-89.shared_expert_stripe.worker-07,7,16515072,4644864,0.11,0.09683199971914291,0.013168000280857087
16,2,shared_expert,layer-89.shared_expert_stripe.worker-08,8,16515072,4644864,0.106,0.09302400052547455,0.013456003129482266
16,2,shared_expert,layer-89.shared_expert_stripe.worker-09,9,16515072,4644864,0.1082,0.09388799965381622,0.013339998602867123
16,2,shared_expert,layer-89.shared_expert_stripe.worker-10,10,16515072,4644864,0.1082,0.09465599805116653,0.013920001602172855
16,2,shared_expert,layer-89.shared_expert_stripe.worker-11,11,16515072,4644864,0.11,0.09612800180912018,0.013871998190879822
16,2,shared_expert,layer-89.shared_expert_stripe.worker-12,12,16515072,4644864,0.1083,0.0947519987821579,0.013387999999523156
16,2,shared_expert,layer-89.shared_expert_stripe.worker-13,13,16515072,4644864,0.1087,0.09433600306510925,0.013875998818874358
16,2,shared_expert,layer-89.shared_expert_stripe.worker-14,14,16515072,4644864,0.1091,0.09625600278377533,0.012843997216224673
16,2,shared_expert,layer-89.shared_expert_stripe.worker-15,15,16515072,4644864,0.1107,0.09724800288677216,0.013451997113227851
16,4,shared_expert,layer-89.shared_expert_stripe.worker-00,0,16515072,4644864,0.1439,0.12908799946308136,0.015011997818946826
16,4,shared_expert,layer-89.shared_expert_stripe.worker-01,1,16515072,4644864,0.1419,0.12595200538635254,0.015595996665954598
16,4,shared_expert,layer-89.shared_expert_stripe.worker-02,2,16515072,4644864,0.1426,0.1276160031557083,0.015408000564575197
16,4,shared_expert,layer-89.shared_expert_stripe.worker-03,3,16515072,4644864,0.1421,0.12691199779510498,0.015311996459960925
16,4,shared_expert,layer-89.shared_expert_stripe.worker-04,4,16515072,4644864,0.1454,0.13036799430847168,0.015032005691528322
16,4,shared_expert,layer-89.shared_expert_stripe.worker-05,5,16515072,4644864,0.1452,0.12956799566745758,0.015184000921249385
16,4,shared_expert,layer-89.shared_expert_stripe.worker-06,6,16515072,4644864,0.1413,0.12627199292182922,0.015028007078170785
16,4,shared_expert,layer-89.shared_expert_stripe.worker-07,7,16515072,4644864,0.152,0.13631999492645264,0.014475996947288516
16,4,shared_expert,layer-89.shared_expert_stripe.worker-08,8,16515072,4644864,0.1395,0.12432000041007996,0.015560003244876858
16,4,shared_expert,layer-89.shared_expert_stripe.worker-09,9,16515072,4644864,0.1459,0.13043199479579926,0.015468005204200747
16,4,shared_expert,layer-89.shared_expert_stripe.worker-10,10,16515072,4644864,0.1424,0.12729600071907043,0.015216000461578366
16,4,shared_expert,layer-89.shared_expert_stripe.worker-11,11,16515072,4644864,0.1458,0.13065600395202637,0.015143996047973646
16,4,shared_expert,layer-89.shared_expert_stripe.worker-12,12,16515072,4644864,0.1413,0.1266240030527115,0.015303999936580659
16,4,shared_expert,layer-89.shared_expert_stripe.worker-13,13,16515072,4644864,0.1429,0.1276800036430359,0.01521999635696411
16,4,shared_expert,layer-89.shared_expert_stripe.worker-14,14,16515072,4644864,0.144,0.12803199887275696,0.01596800112724303
16,4,shared_expert,layer-89.shared_expert_stripe.worker-15,15,16515072,4644864,0.1458,0.1316159963607788,0.014184003639221204
32,1,shared_expert,layer-89.shared_expert_stripe.worker-00,0,8257536,2322432,0.0788,0.06521599739789963,0.013820001459121697
32,1,shared_expert,layer-89.shared_expert_stripe.worker-01,1,8257536,2322432,0.0836,0.06726399809122086,0.014095999753475183
32,1,shared_expert,layer-89.shared_expert_stripe.worker-02,2,8257536,2322432,0.0786,0.06470400094985962,0.0119319972038269
32,1,shared_expert,layer-89.shared_expert_stripe.worker-03,3,8257536,2322432,0.0779,0.063680000603199,0.011564001524448392
32,1,shared_expert,layer-89.shared_expert_stripe.worker-04,4,8257536,2322432,0.0813,0.0660799965262413,0.014016000831127168
32,1,shared_expert,layer-89.shared_expert_stripe.worker-05,5,8257536,2322432,0.0817,0.0660799965262413,0.01467200076580047
32,1,shared_expert,layer-89.shared_expert_stripe.worker-06,6,8257536,2322432,0.0777,0.06380800157785416,0.013891998422145849
32,1,shared_expert,layer-89.shared_expert_stripe.worker-07,7,8257536,2322432,0.0798,0.06623999774456024,0.01354000117778778
32,1,shared_expert,layer-89.shared_expert_stripe.worker-08,8,8257536,2322432,0.0818,0.06697600334882736,0.013423996651172637
32,1,shared_expert,layer-89.shared_expert_stripe.worker-09,9,8257536,2322432,0.0783,0.06550399959087372,0.013304003679752346
32,1,shared_expert,layer-89.shared_expert_stripe.worker-10,10,8257536,2322432,0.0776,0.0642239972949028,0.013783998173475268
32,1,shared_expert,layer-89.shared_expert_stripe.worker-11,11,8257536,2322432,0.0801,0.06659200042486191,0.013507999575138097
32,1,shared_expert,layer-89.shared_expert_stripe.worker-12,12,8257536,2322432,0.0785,0.06598400324583054,0.013283996510505672
32,1,shared_expert,layer-89.shared_expert_stripe.worker-13,13,8257536,2322432,0.0786,0.06384000182151794,0.01495999817848205
32,1,shared_expert,layer-89.shared_expert_stripe.worker-14,14,8257536,2322432,0.0795,0.06451199948787689,0.014988000512123109
32,1,shared_expert,layer-89.shared_expert_stripe.worker-15,15,8257536,2322432,0.0782,0.06464000046253204,0.01431599876880646
32,1,shared_expert,layer-89.shared_expert_stripe.worker-16,16,8257536,2322432,0.0802,0.06646399945020676,0.013736000549793237
32,1,shared_expert,layer-89.shared_expert_stripe.worker-17,17,8257536,2322432,0.0808,0.06665600091218948,0.013295997691154485
32,1,shared_expert,layer-89.shared_expert_stripe.worker-18,18,8257536,2322432,0.0771,0.0642239972949028,0.013203997635841375
32,1,shared_expert,layer-89.shared_expert_stripe.worker-19,19,8257536,2322432,0.0771,0.06313599646091461,0.013468002152442926
32,1,shared_expert,layer-89.shared_expert_stripe.worker-20,20,8257536,2322432,0.0784,0.06460800021886826,0.013791999781131742
32,1,shared_expert,layer-89.shared_expert_stripe.worker-21,21,8257536,2322432,0.0821,0.06703999638557434,0.01330800158977509
32,1,shared_expert,layer-89.shared_expert_stripe.worker-22,22,8257536,2322432,0.0812,0.06735999882221222,0.01389999967813492
32,1,shared_expert,layer-89.shared_expert_stripe.worker-23,23,8257536,2322432,0.0785,0.06518399715423584,0.013319997382163995
32,1,shared_expert,layer-89.shared_expert_stripe.worker-24,24,8257536,2322432,0.078,0.06419199705123901,0.013808002948760986
32,1,shared_expert,layer-89.shared_expert_stripe.worker-25,25,8257536,2322432,0.083,0.06784000247716904,0.015159997522830967
32,1,shared_expert,layer-89.shared_expert_stripe.worker-26,26,8257536,2322432,0.0769,0.06272000074386597,0.01403599783182144
32,1,shared_expert,layer-89.shared_expert_stripe.worker-27,27,8257536,2322432,0.0811,0.06592000275850296,0.014096000409126286
32,1,shared_expert,layer-89.shared_expert_stripe.worker-28,28,8257536,2322432,0.0775,0.06387200206518173,0.014008000230789186
32,1,shared_expert,layer-89.shared_expert_stripe.worker-29,29,8257536,2322432,0.0779,0.06428799778223038,0.01361200221776962
32,1,shared_expert,layer-89.shared_expert_stripe.worker-30,30,8257536,2322432,0.079,0.06614399701356888,0.013956002986431126
32,1,shared_expert,layer-89.shared_expert_stripe.worker-31,31,8257536,2322432,0.078,0.06444799900054932,0.014223999369144438
32,2,shared_expert,layer-89.shared_expert_stripe.worker-00,0,8257536,2322432,0.0943,0.07727999985218048,0.017020000147819514
32,2,shared_expert,layer-89.shared_expert_stripe.worker-01,1,8257536,2322432,0.0936,0.08092799782752991,0.012739997148513788
32,2,shared_expert,layer-89.shared_expert_stripe.worker-02,2,8257536,2322432,0.0886,0.07619199901819229,0.014003998994827266
32,2,shared_expert,layer-89.shared_expert_stripe.worker-03,3,8257536,2322432,0.0883,0.07440000027418137,0.013899999725818638
32,2,shared_expert,layer-89.shared_expert_stripe.worker-04,4,8257536,2322432,0.0885,0.07414399832487106,0.013320003569126132
32,2,shared_expert,layer-89.shared_expert_stripe.worker-05,5,8257536,2322432,0.0912,0.07705599814653397,0.014195997083187098
32,2,shared_expert,layer-89.shared_expert_stripe.worker-06,6,8257536,2322432,0.0887,0.07487999647855759,0.015195999097824098
32,2,shared_expert,layer-89.shared_expert_stripe.worker-07,7,8257536,2322432,0.091,0.07619199901819229,0.013944001853466031
32,2,shared_expert,layer-89.shared_expert_stripe.worker-08,8,8257536,2322432,0.0921,0.07583999633789062,0.016260003662109376
32,2,shared_expert,layer-89.shared_expert_stripe.worker-09,9,8257536,2322432,0.0934,0.0767040029168129,0.016616012430191063
32,2,shared_expert,layer-89.shared_expert_stripe.worker-10,10,8257536,2322432,0.0943,0.0796160027384758,0.014683997261524195
32,2,shared_expert,layer-89.shared_expert_stripe.worker-11,11,8257536,2322432,0.0924,0.07744000107049942,0.015475998067855837
32,2,shared_expert,layer-89.shared_expert_stripe.worker-12,12,8257536,2322432,0.0895,0.07379200309515,0.01500799690485001
32,2,shared_expert,layer-89.shared_expert_stripe.worker-13,13,8257536,2322432,0.0907,0.07507199794054031,0.015007997608184817
32,2,shared_expert,layer-89.shared_expert_stripe.worker-14,14,8257536,2322432,0.0917,0.07664000242948532,0.014495999848842617
32,2,shared_expert,layer-89.shared_expert_stripe.worker-15,15,8257536,2322432,0.0941,0.07897599786520004,0.014996001160144809
32,2,shared_expert,layer-89.shared_expert_stripe.worker-16,16,8257536,2322432,0.0888,0.0745600014925003,0.014399999725818638
32,2,shared_expert,layer-89.shared_expert_stripe.worker-17,17,8257536,2322432,0.089,0.07401599735021591,0.014348001825809475
32,2,shared_expert,layer-89.shared_expert_stripe.worker-18,18,8257536,2322432,0.0925,0.07593599706888199,0.014464003634452827
32,2,shared_expert,layer-89.shared_expert_stripe.worker-19,19,8257536,2322432,0.0916,0.07519999891519547,0.016300001084804533
32,2,shared_expert,layer-89.shared_expert_stripe.worker-20,20,8257536,2322432,0.0937,0.07846400141716003,0.015235998582839971
32,2,shared_expert,layer-89.shared_expert_stripe.worker-21,21,8257536,2322432,0.0938,0.07711999863386154,0.015432002687454219
32,2,shared_expert,layer-89.shared_expert_stripe.worker-22,22,8257536,2322432,0.0903,0.07587199658155441,0.014576000738143927
32,2,shared_expert,layer-89.shared_expert_stripe.worker-23,23,8257536,2322432,0.0889,0.07606399804353714,0.012836001956462867
32,2,shared_expert,layer-89.shared_expert_stripe.worker-24,24,8257536,2322432,0.0918,0.07625599950551987,0.013755996286869049
32,2,shared_expert,layer-89.shared_expert_stripe.worker-25,25,8257536,2322432,0.0913,0.07596799731254578,0.01533200268745423
32,2,shared_expert,layer-89.shared_expert_stripe.worker-26,26,8257536,2322432,0.0927,0.07523199915885925,0.016124003493785857
32,2,shared_expert,layer-89.shared_expert_stripe.worker-27,27,8257536,2322432,0.0927,0.07583999633789062,0.016760003662109377
32,2,shared_expert,layer-89.shared_expert_stripe.worker-28,28,8257536,2322432,0.0922,0.07631999999284744,0.01592400143146515
32,2,shared_expert,layer-89.shared_expert_stripe.worker-29,29,8257536,2322432,0.0945,0.07603199779987335,0.01846800220012665
32,2,shared_expert,layer-89.shared_expert_stripe.worker-30,30,8257536,2322432,0.091,0.07891199737787247,0.015384001290798185
32,2,shared_expert,layer-89.shared_expert_stripe.worker-31,31,8257536,2322432,0.0908,0.0769599974155426,0.01560000108480454
32,4,shared_expert,layer-89.shared_expert_stripe.worker-00,0,8257536,2322432,0.1205,0.10396800190210342,0.016531998097896572
32,4,shared_expert,layer-89.shared_expert_stripe.worker-01,1,8257536,2322432,0.1213,0.09670399874448776,0.02431599689722061
32,4,shared_expert,layer-89.shared_expert_stripe.worker-02,2,8257536,2322432,0.1171,0.09347199648618698,0.023628003513813015
32,4,shared_expert,layer-89.shared_expert_stripe.worker-03,3,8257536,2322432,0.123,0.10732799768447876,0.024380001461505887
32,4,shared_expert,layer-89.shared_expert_stripe.worker-04,4,8257536,2322432,0.121,0.10364799946546555,0.01735200053453445
32,4,shared_expert,layer-89.shared_expert_stripe.worker-05,5,8257536,2322432,0.1197,0.10361599922180176,0.02335999630689621
32,4,shared_expert,layer-89.shared_expert_stripe.worker-06,6,8257536,2322432,0.1201,0.1042879968881607,0.015668000984191896
32,4,shared_expert,layer-89.shared_expert_stripe.worker-07,7,8257536,2322432,0.1197,0.1029760017991066,0.01638399941921234
32,4,shared_expert,layer-89.shared_expert_stripe.worker-08,8,8257536,2322432,0.1194,0.10291200131177902,0.016487998688220984
32,4,shared_expert,layer-89.shared_expert_stripe.worker-09,9,8257536,2322432,0.1187,0.0944959968328476,0.024347999858856204
32,4,shared_expert,layer-89.shared_expert_stripe.worker-10,10,8257536,2322432,0.1264,0.10025600343942642,0.02614399656057359
32,4,shared_expert,layer-89.shared_expert_stripe.worker-11,11,8257536,2322432,0.1191,0.09484799951314926,0.024252000486850736
32,4,shared_expert,layer-89.shared_expert_stripe.worker-12,12,8257536,2322432,0.1184,0.09254399687051773,0.02397599811553955
32,4,shared_expert,layer-89.shared_expert_stripe.worker-13,13,8257536,2322432,0.1196,0.10422399640083313,0.016976003599166872
32,4,shared_expert,layer-89.shared_expert_stripe.worker-14,14,8257536,2322432,0.1186,0.10131199657917023,0.023308001077175136
32,4,shared_expert,layer-89.shared_expert_stripe.worker-15,15,8257536,2322432,0.1205,0.1042879968881607,0.01621200311183929
32,4,shared_expert,layer-89.shared_expert_stripe.worker-16,16,8257536,2322432,0.1217,0.10633599758148193,0.016799996495246883
32,4,shared_expert,layer-89.shared_expert_stripe.worker-17,17,8257536,2322432,0.1184,0.09958399832248688,0.024319998884201055
32,4,shared_expert,layer-89.shared_expert_stripe.worker-18,18,8257536,2322432,0.1199,0.10224000364542007,0.01775999635457992
32,4,shared_expert,layer-89.shared_expert_stripe.worker-19,19,8257536,2322432,0.1207,0.10416000336408615,0.015987988281250032
32,4,shared_expert,layer-89.shared_expert_stripe.worker-20,20,8257536,2322432,0.1193,0.10012800246477127,0.017271997535228734
32,4,shared_expert,layer-89.shared_expert_stripe.worker-21,21,8257536,2322432,0.1208,0.10236799716949463,0.01683199809789658
32,4,shared_expert,layer-89.shared_expert_stripe.worker-22,22,8257536,2322432,0.1205,0.10233599692583084,0.016264003074169156
32,4,shared_expert,layer-89.shared_expert_stripe.worker-23,23,8257536,2322432,0.119,0.09251199662685394,0.02598800337314605
32,4,shared_expert,layer-89.shared_expert_stripe.worker-24,24,8257536,2322432,0.1186,0.10067199915647507,0.016628000843524934
32,4,shared_expert,layer-89.shared_expert_stripe.worker-25,25,8257536,2322432,0.1213,0.10576000064611435,0.015567999625205997
32,4,shared_expert,layer-89.shared_expert_stripe.worker-26,26,8257536,2322432,0.1197,0.09574399888515472,0.02334400194883346
32,4,shared_expert,layer-89.shared_expert_stripe.worker-27,27,8257536,2322432,0.1191,0.09385599941015244,0.023035999333858484
32,4,shared_expert,layer-89.shared_expert_stripe.worker-28,28,8257536,2322432,0.1169,0.09878399968147278,0.018116000318527226
32,4,shared_expert,layer-89.shared_expert_stripe.worker-29,29,8257536,2322432,0.1196,0.0926399976015091,0.02427199683189392
32,4,shared_expert,layer-89.shared_expert_stripe.worker-30,30,8257536,2322432,0.1204,0.10233599692583084,0.018064003074169152
32,4,shared_expert,layer-89.shared_expert_stripe.worker-31,31,8257536,2322432,0.1196,0.09561599791049957,0.023984002089500425
