path,size_bytes,zip_crc32,included_in_public_bundle
experiment-022/,0,00000000,no
experiment-022/analysis/,0,00000000,no
experiment-022/analysis/capacity-unlocks.csv,639,3e708c23,yes
experiment-022/analysis/compute-sensitivity.csv,2982,56bca46a,yes
experiment-022/analysis/critical-path.csv,5599,1965e6de,yes
experiment-022/analysis/memory-sensitivity.csv,4456,ad616ddc,yes
experiment-022/analysis/memory-utilization.csv,5227,1139f1c8,yes
experiment-022/analysis/network-sensitivity.csv,2801,6642477f,yes
experiment-022/analysis/sublayer-usage.csv,3420,6ae49046,yes
experiment-022/analysis/target-crossings.csv,2,14a285ac,yes
experiment-022/analysis/throughput-uplift.csv,2890,2c0e3643,yes
experiment-022/charts/,0,00000000,no
experiment-022/charts/chart-01-whole-vs-adaptive.png,150166,3d7d52d4,yes
experiment-022/charts/chart-02-throughput-uplift-distribution.png,64110,d374ebc8,yes
experiment-022/charts/chart-03-target-crossings.png,63903,423c0485,yes
experiment-022/charts/chart-04-capacity-unlocks.png,67414,b8602a55,yes
experiment-022/charts/chart-05-memory-utilization.png,148220,7a33f7cf,yes
experiment-022/charts/chart-06-sub-layer-usage.png,177924,0c6dad3f,yes
experiment-022/charts/chart-07-network-vs-granularity.png,122453,2488c652,yes
experiment-022/charts/chart-08-memory-vs-granularity.png,123909,bf1dab49,yes
experiment-022/charts/chart-09-dynamic-adaptation.png,69349,eb5dd58c,yes
experiment-022/charts/chart-10-ablation-ladder.png,56750,77c01603,yes
experiment-022/charts/chart-11-critical-path.png,143669,fd8f538a,yes
experiment-022/charts/chart-12-product-thesis.png,136969,d7cd46d1,yes
experiment-022/commands.txt,1556,12ff5a82,yes
experiment-022/completion/,0,00000000,no
experiment-022/completion/analysis/,0,00000000,no
experiment-022/completion/charts/,0,00000000,no
experiment-022/completion/correctness/,0,00000000,no
experiment-022/completion/implementation/,0,00000000,no
experiment-022/completion/physical/,0,00000000,no
experiment-022/completion/rerun/,0,00000000,no
experiment-022/completion/rerun/placements/,0,00000000,no
experiment-022/completion/validation/,0,00000000,no
experiment-022/control-plane/,0,00000000,no
experiment-022/control-plane/capability-discovery.json,4703,ac27c154,yes
experiment-022/control-plane/scaling.csv,1415,26b93ef9,yes
experiment-022/correctness/,0,00000000,no
experiment-022/correctness/full-93-representative.json,75024,0fcf8c57,yes
experiment-022/correctness/primitive-results.json,72204,0878a72d,yes
experiment-022/correctness/worker-process-full-93-raw.json,69590116,06b617a8,no
experiment-022/correctness/worker-process-full-93.json,68591,8ec7bdfa,yes
experiment-022/dynamic/,0,00000000,no
experiment-022/dynamic/join-harmful.csv,2418,3441d69f,no
experiment-022/dynamic/join-useful.csv,3303,82ec6f88,no
experiment-022/dynamic/network-degradation.csv,2080,2737a444,no
experiment-022/dynamic/node-loss.csv,3061,e9636a00,no
experiment-022/dynamic/slowdown.csv,2250,e15aee26,no
experiment-022/environment.json,1144,8cbbaffd,yes
experiment-022/failure-log.json,2549,68396d1d,yes
experiment-022/inventories/,0,00000000,no
experiment-022/inventories/coarse-friendly/,0,00000000,no
experiment-022/inventories/coarse-friendly/coarse-friendly-01.json,509063,03b55adb,no
experiment-022/inventories/coarse-friendly/coarse-friendly-02.json,509419,656bdb5b,no
experiment-022/inventories/coarse-friendly/coarse-friendly-03.json,509329,e59adef5,no
experiment-022/inventories/compute-heterogeneous/,0,00000000,no
experiment-022/inventories/compute-heterogeneous/compute-heterogeneous-01.json,1324413,e1c39431,no
experiment-022/inventories/compute-heterogeneous/compute-heterogeneous-02.json,1358879,5b1ea7ca,no
experiment-022/inventories/compute-heterogeneous/compute-heterogeneous-03.json,1393973,858df11b,no
experiment-022/inventories/compute-heterogeneous/compute-heterogeneous-04.json,1429335,e3355870,no
experiment-022/inventories/compute-heterogeneous/compute-heterogeneous-05.json,1465143,05ef1651,no
experiment-022/inventories/compute-heterogeneous/compute-heterogeneous-06.json,1501702,dc76338c,no
experiment-022/inventories/full-mixed/,0,00000000,no
experiment-022/inventories/full-mixed/full-mixed-01.json,2151260,c607a6b0,no
experiment-022/inventories/full-mixed/full-mixed-02.json,2151638,e2d131a9,no
experiment-022/inventories/full-mixed/full-mixed-03.json,2151878,c9f6454c,no
experiment-022/inventories/full-mixed/full-mixed-04.json,3320293,6cee590e,no
experiment-022/inventories/full-mixed/full-mixed-05.json,3319858,7f1e5223,no
experiment-022/inventories/full-mixed/full-mixed-06.json,3319391,b11f2a59,no
experiment-022/inventories/generator-config.json,2305,86d78df1,no
experiment-022/inventories/inventory-suite.json,51937397,08fe5525,no
experiment-022/inventories/memory-fragmented/,0,00000000,no
experiment-022/inventories/memory-fragmented/memory-fragmented-01.json,1580052,ec824e99,no
experiment-022/inventories/memory-fragmented/memory-fragmented-02.json,2317601,9d0a436a,no
experiment-022/inventories/memory-fragmented/memory-fragmented-03.json,1731568,f0457f38,no
experiment-022/inventories/memory-fragmented/memory-fragmented-04.json,2501300,a5e3cc39,no
experiment-022/inventories/memory-fragmented/memory-fragmented-05.json,1890471,3ad577f7,no
experiment-022/inventories/memory-fragmented/memory-fragmented-06.json,2691487,34e2a104,no
experiment-022/inventories/network-heterogeneous/,0,00000000,no
experiment-022/inventories/network-heterogeneous/network-heterogeneous-01.json,1062945,2a3a0914,no
experiment-022/inventories/network-heterogeneous/network-heterogeneous-02.json,1094296,a3bac16e,no
experiment-022/inventories/network-heterogeneous/network-heterogeneous-03.json,1125496,d57254bf,no
experiment-022/inventories/network-heterogeneous/network-heterogeneous-04.json,1158079,3e9c21c7,no
experiment-022/inventories/network-heterogeneous/network-heterogeneous-05.json,1191047,c21b8920,no
experiment-022/inventories/network-heterogeneous/network-heterogeneous-06.json,1224075,1cc90a57,no
experiment-022/inventories/seeds.json,612,98f2b32c,no
experiment-022/model-metadata.json,755,965a22f8,yes
experiment-022/planner/,0,00000000,no
experiment-022/planner/ablation-results.csv,59478,61534962,yes
experiment-022/planner/adaptive-results.csv,12991,530127bd,yes
experiment-022/planner/candidate-catalog.json,6120434,5485d0b7,no
experiment-022/planner/placements/,0,00000000,no
experiment-022/planner/placements/coarse-friendly-01-A.json,46648,e80666c4,no
experiment-022/planner/placements/coarse-friendly-01-B.json,46648,b24997af,no
experiment-022/planner/placements/coarse-friendly-01-C.json,46648,32a3c549,no
experiment-022/planner/placements/coarse-friendly-01-D.json,46648,06d67579,no
experiment-022/planner/placements/coarse-friendly-01-E.json,46648,863c279f,no
experiment-022/planner/placements/coarse-friendly-02-A.json,46647,40b95f9e,no
experiment-022/planner/placements/coarse-friendly-02-B.json,46647,1af6aef5,no
experiment-022/planner/placements/coarse-friendly-02-C.json,46647,9a1cfc13,no
experiment-022/planner/placements/coarse-friendly-02-D.json,46647,ae694c23,no
experiment-022/planner/placements/coarse-friendly-02-E.json,46647,2e831ec5,no
experiment-022/planner/placements/coarse-friendly-03-A.json,46647,15ec8af2,no
experiment-022/planner/placements/coarse-friendly-03-B.json,46647,4fa37b99,no
experiment-022/planner/placements/coarse-friendly-03-C.json,46647,cf49297f,no
experiment-022/planner/placements/coarse-friendly-03-D.json,46647,fb3c994f,no
experiment-022/planner/placements/coarse-friendly-03-E.json,46647,7bd6cba9,no
experiment-022/planner/placements/compute-heterogeneous-01-A.json,52965,ddcfb083,no
experiment-022/planner/placements/compute-heterogeneous-01-B.json,52965,878041e8,no
experiment-022/planner/placements/compute-heterogeneous-01-C.json,52965,076a130e,no
experiment-022/planner/placements/compute-heterogeneous-01-D.json,52965,331fa33e,no
experiment-022/planner/placements/compute-heterogeneous-01-E.json,52965,b3f5f1d8,no
experiment-022/planner/placements/compute-heterogeneous-02-A.json,53180,eb5d272e,no
experiment-022/planner/placements/compute-heterogeneous-02-B.json,53180,b112d645,no
experiment-022/planner/placements/compute-heterogeneous-02-C.json,53180,31f884a3,no
experiment-022/planner/placements/compute-heterogeneous-02-D.json,53180,058d3493,no
experiment-022/planner/placements/compute-heterogeneous-02-E.json,53180,85676675,no
experiment-022/planner/placements/compute-heterogeneous-03-A.json,53393,593af413,no
experiment-022/planner/placements/compute-heterogeneous-03-B.json,53393,03750578,no
experiment-022/planner/placements/compute-heterogeneous-03-C.json,53393,839f579e,no
experiment-022/planner/placements/compute-heterogeneous-03-D.json,53393,b7eae7ae,no
experiment-022/planner/placements/compute-heterogeneous-03-E.json,53393,3700b548,no
experiment-022/planner/placements/compute-heterogeneous-04-A.json,53606,ff2208cf,no
experiment-022/planner/placements/compute-heterogeneous-04-B.json,53606,a56df9a4,no
experiment-022/planner/placements/compute-heterogeneous-04-C.json,53606,2587ab42,no
experiment-022/planner/placements/compute-heterogeneous-04-D.json,53606,11f21b72,no
experiment-022/planner/placements/compute-heterogeneous-04-E.json,53606,91184994,no
experiment-022/planner/placements/compute-heterogeneous-05-A.json,53819,df9f2fcd,no
experiment-022/planner/placements/compute-heterogeneous-05-B.json,53819,85d0dea6,no
experiment-022/planner/placements/compute-heterogeneous-05-C.json,53819,053a8c40,no
experiment-022/planner/placements/compute-heterogeneous-05-D.json,53819,314f3c70,no
experiment-022/planner/placements/compute-heterogeneous-05-E.json,53819,b1a56e96,no
experiment-022/planner/placements/compute-heterogeneous-06-A.json,54031,122cc548,no
experiment-022/planner/placements/compute-heterogeneous-06-B.json,54031,48633423,no
experiment-022/planner/placements/compute-heterogeneous-06-C.json,54031,c88966c5,no
experiment-022/planner/placements/compute-heterogeneous-06-D.json,54031,fcfcd6f5,no
experiment-022/planner/placements/compute-heterogeneous-06-E.json,54031,7c168413,no
experiment-022/planner/placements/full-mixed-01-A.json,57606,e1fcc512,no
experiment-022/planner/placements/full-mixed-01-B.json,57606,bbb33479,no
experiment-022/planner/placements/full-mixed-01-C.json,57606,3b59669f,no
experiment-022/planner/placements/full-mixed-01-D.json,57606,0f2cd6af,no
experiment-022/planner/placements/full-mixed-01-E.json,57606,8fc68449,no
experiment-022/planner/placements/full-mixed-02-A.json,57611,1843eff1,no
experiment-022/planner/placements/full-mixed-02-B.json,57611,420c1e9a,no
experiment-022/planner/placements/full-mixed-02-C.json,57611,c2e64c7c,no
experiment-022/planner/placements/full-mixed-02-D.json,57611,f693fc4c,no
experiment-022/planner/placements/full-mixed-02-E.json,57611,7679aeaa,no
experiment-022/planner/placements/full-mixed-03-A.json,57612,94323b1a,no
experiment-022/planner/placements/full-mixed-03-B.json,57612,ce7dca71,no
experiment-022/planner/placements/full-mixed-03-C.json,57612,4e979897,no
experiment-022/planner/placements/full-mixed-03-D.json,57612,7ae228a7,no
experiment-022/planner/placements/full-mixed-03-E.json,57612,fa087a41,no
experiment-022/planner/placements/full-mixed-04-A.json,27385,ded1694b,no
experiment-022/planner/placements/full-mixed-04-B.json,27385,849e9820,no
experiment-022/planner/placements/full-mixed-04-C.json,87828,34bdbdda,no
experiment-022/planner/placements/full-mixed-04-D.json,87828,00c80dea,no
experiment-022/planner/placements/full-mixed-04-E.json,87828,80225f0c,no
experiment-022/planner/placements/full-mixed-05-A.json,27385,979b8103,no
experiment-022/planner/placements/full-mixed-05-B.json,27385,cdd47068,no
experiment-022/planner/placements/full-mixed-05-C.json,89429,93d4eee2,no
experiment-022/planner/placements/full-mixed-05-D.json,89429,a7a15ed2,no
experiment-022/planner/placements/full-mixed-05-E.json,89429,274b0c34,no
experiment-022/planner/placements/full-mixed-06-A.json,27385,17cfb112,no
experiment-022/planner/placements/full-mixed-06-B.json,27385,4d804079,no
experiment-022/planner/placements/full-mixed-06-C.json,87786,a5aac08b,no
experiment-022/planner/placements/full-mixed-06-D.json,87786,91df70bb,no
experiment-022/planner/placements/full-mixed-06-E.json,87786,1135225d,no
experiment-022/planner/placements/memory-fragmented-01-A.json,54420,1ce35873,no
experiment-022/planner/placements/memory-fragmented-01-B.json,54420,46aca918,no
experiment-022/planner/placements/memory-fragmented-01-C.json,54420,c646fbfe,no
experiment-022/planner/placements/memory-fragmented-01-D.json,54420,f2334bce,no
experiment-022/planner/placements/memory-fragmented-01-E.json,54420,72d91928,no
experiment-022/planner/placements/memory-fragmented-02-A.json,23122,61144235,no
experiment-022/planner/placements/memory-fragmented-02-B.json,23122,3b5bb35e,no
experiment-022/planner/placements/memory-fragmented-02-C.json,126936,8cbde86a,no
experiment-022/planner/placements/memory-fragmented-02-D.json,126936,b8c8585a,no
experiment-022/planner/placements/memory-fragmented-02-E.json,126936,38220abc,no
experiment-022/planner/placements/memory-fragmented-03-A.json,55257,aedf7e05,no
experiment-022/planner/placements/memory-fragmented-03-B.json,55257,f4908f6e,no
experiment-022/planner/placements/memory-fragmented-03-C.json,55257,747add88,no
experiment-022/planner/placements/memory-fragmented-03-D.json,55257,400f6db8,no
experiment-022/planner/placements/memory-fragmented-03-E.json,55257,c0e53f5e,no
experiment-022/planner/placements/memory-fragmented-04-A.json,23962,2d0fdf07,no
experiment-022/planner/placements/memory-fragmented-04-B.json,23962,77402e6c,no
experiment-022/planner/placements/memory-fragmented-04-C.json,121532,8b9ca159,no
experiment-022/planner/placements/memory-fragmented-04-D.json,121532,bfe91169,no
experiment-022/planner/placements/memory-fragmented-04-E.json,121532,3f03438f,no
experiment-022/planner/placements/memory-fragmented-05-A.json,56098,e0b48322,no
experiment-022/planner/placements/memory-fragmented-05-B.json,56098,bafb7249,no
experiment-022/planner/placements/memory-fragmented-05-C.json,56098,3a1120af,no
experiment-022/planner/placements/memory-fragmented-05-D.json,56098,0e64909f,no
experiment-022/planner/placements/memory-fragmented-05-E.json,56098,8e8ec279,no
experiment-022/planner/placements/memory-fragmented-06-A.json,24802,d3aab8f7,no
experiment-022/planner/placements/memory-fragmented-06-B.json,24802,89e5499c,no
experiment-022/planner/placements/memory-fragmented-06-C.json,117033,5c4e903d,no
experiment-022/planner/placements/memory-fragmented-06-D.json,117033,683b200d,no
experiment-022/planner/placements/memory-fragmented-06-E.json,117033,e8d172eb,no
experiment-022/planner/placements/network-heterogeneous-01-A.json,51217,ea67cc15,no
experiment-022/planner/placements/network-heterogeneous-01-B.json,51217,b0283d7e,no
experiment-022/planner/placements/network-heterogeneous-01-C.json,51217,30c26f98,no
experiment-022/planner/placements/network-heterogeneous-01-D.json,51217,04b7dfa8,no
experiment-022/planner/placements/network-heterogeneous-01-E.json,51217,845d8d4e,no
experiment-022/planner/placements/network-heterogeneous-02-A.json,51430,8e1ec796,no
experiment-022/planner/placements/network-heterogeneous-02-B.json,51430,d45136fd,no
experiment-022/planner/placements/network-heterogeneous-02-C.json,51430,54bb641b,no
experiment-022/planner/placements/network-heterogeneous-02-D.json,51430,60ced42b,no
experiment-022/planner/placements/network-heterogeneous-02-E.json,51430,e02486cd,no
experiment-022/planner/placements/network-heterogeneous-03-A.json,51644,7174f34f,no
experiment-022/planner/placements/network-heterogeneous-03-B.json,51644,2b3b0224,no
experiment-022/planner/placements/network-heterogeneous-03-C.json,51644,abd150c2,no
experiment-022/planner/placements/network-heterogeneous-03-D.json,51644,9fa4e0f2,no
experiment-022/planner/placements/network-heterogeneous-03-E.json,51644,1f4eb214,no
experiment-022/planner/placements/network-heterogeneous-04-A.json,51857,1b0118c4,no
experiment-022/planner/placements/network-heterogeneous-04-B.json,51857,414ee9af,no
experiment-022/planner/placements/network-heterogeneous-04-C.json,51857,c1a4bb49,no
experiment-022/planner/placements/network-heterogeneous-04-D.json,51857,f5d10b79,no
experiment-022/planner/placements/network-heterogeneous-04-E.json,51857,753b599f,no
experiment-022/planner/placements/network-heterogeneous-05-A.json,52070,bb407742,no
experiment-022/planner/placements/network-heterogeneous-05-B.json,52070,e10f8629,no
experiment-022/planner/placements/network-heterogeneous-05-C.json,52070,61e5d4cf,no
experiment-022/planner/placements/network-heterogeneous-05-D.json,52070,559064ff,no
experiment-022/planner/placements/network-heterogeneous-05-E.json,52070,d57a3619,no
experiment-022/planner/placements/network-heterogeneous-06-A.json,52283,be2a3e89,no
experiment-022/planner/placements/network-heterogeneous-06-B.json,52283,e465cfe2,no
experiment-022/planner/placements/network-heterogeneous-06-C.json,52283,648f9d04,no
experiment-022/planner/placements/network-heterogeneous-06-D.json,52283,50fa2d34,no
experiment-022/planner/placements/network-heterogeneous-06-E.json,52283,d0107fd2,no
experiment-022/planner/whole-layer-results.csv,12180,aec75780,no
experiment-022/run-result.json,4333,a80bce5e,yes
experiment-022/source-manifest.json,8826,27537078,yes
experiment-022/summary.json,4550,f4f608ff,yes
experiment-022/test-results.json,2398,d8854651,yes
experiment-022/test-temp/,0,00000000,no
experiment-022/test-temp/test_inventory_suite_is_frozen0/,0,00000000,no
experiment-022/test-temp/test_inventory_suite_is_frozen0/inventories/,0,00000000,no
experiment-022/test-temp/test_inventory_suite_is_frozen0/inventories/coarse-friendly/,0,00000000,no
experiment-022/test-temp/test_inventory_suite_is_frozen0/inventories/coarse-friendly/coarse-friendly-01.json,509063,64b3cf52,no
experiment-022/test-temp/test_inventory_suite_is_frozen0/inventories/coarse-friendly/coarse-friendly-02.json,509419,f9083b5a,no
experiment-022/test-temp/test_inventory_suite_is_frozen0/inventories/coarse-friendly/coarse-friendly-03.json,509329,6c1faa39,no
experiment-022/test-temp/test_inventory_suite_is_frozen0/inventories/compute-heterogeneous/,0,00000000,no
experiment-022/test-temp/test_inventory_suite_is_frozen0/inventories/compute-heterogeneous/compute-heterogeneous-01.json,1324413,3ea15d82,no
experiment-022/test-temp/test_inventory_suite_is_frozen0/inventories/compute-heterogeneous/compute-heterogeneous-02.json,1358879,f616b812,no
experiment-022/test-temp/test_inventory_suite_is_frozen0/inventories/compute-heterogeneous/compute-heterogeneous-03.json,1393973,4f16e45b,no
experiment-022/test-temp/test_inventory_suite_is_frozen0/inventories/compute-heterogeneous/compute-heterogeneous-04.json,1429335,2f076eae,no
experiment-022/test-temp/test_inventory_suite_is_frozen0/inventories/compute-heterogeneous/compute-heterogeneous-05.json,1465143,c1958d76,no
experiment-022/test-temp/test_inventory_suite_is_frozen0/inventories/compute-heterogeneous/compute-heterogeneous-06.json,1501702,65b7f1a8,no
experiment-022/test-temp/test_inventory_suite_is_frozen0/inventories/full-mixed/,0,00000000,no
experiment-022/test-temp/test_inventory_suite_is_frozen0/inventories/full-mixed/full-mixed-01.json,2151260,c64c61ff,no
experiment-022/test-temp/test_inventory_suite_is_frozen0/inventories/full-mixed/full-mixed-02.json,2151638,34a39445,no
experiment-022/test-temp/test_inventory_suite_is_frozen0/inventories/full-mixed/full-mixed-03.json,2151878,615ecad8,no
experiment-022/test-temp/test_inventory_suite_is_frozen0/inventories/full-mixed/full-mixed-04.json,3320293,bec9a8e9,no
experiment-022/test-temp/test_inventory_suite_is_frozen0/inventories/full-mixed/full-mixed-05.json,3319858,baf21934,no
experiment-022/test-temp/test_inventory_suite_is_frozen0/inventories/full-mixed/full-mixed-06.json,3319391,6026923d,no
experiment-022/test-temp/test_inventory_suite_is_frozen0/inventories/generator-config.json,2305,eaef8bdd,no
experiment-022/test-temp/test_inventory_suite_is_frozen0/inventories/inventory-suite.json,51937397,f9cd7848,no
experiment-022/test-temp/test_inventory_suite_is_frozen0/inventories/memory-fragmented/,0,00000000,no
experiment-022/test-temp/test_inventory_suite_is_frozen0/inventories/memory-fragmented/memory-fragmented-01.json,1580052,46ee3047,no
experiment-022/test-temp/test_inventory_suite_is_frozen0/inventories/memory-fragmented/memory-fragmented-02.json,2317601,9c2a1624,no
experiment-022/test-temp/test_inventory_suite_is_frozen0/inventories/memory-fragmented/memory-fragmented-03.json,1731568,73064777,no
experiment-022/test-temp/test_inventory_suite_is_frozen0/inventories/memory-fragmented/memory-fragmented-04.json,2501300,c1b1e67f,no
experiment-022/test-temp/test_inventory_suite_is_frozen0/inventories/memory-fragmented/memory-fragmented-05.json,1890471,7ffe6148,no
experiment-022/test-temp/test_inventory_suite_is_frozen0/inventories/memory-fragmented/memory-fragmented-06.json,2691487,3e36d1b4,no
experiment-022/test-temp/test_inventory_suite_is_frozen0/inventories/network-heterogeneous/,0,00000000,no
experiment-022/test-temp/test_inventory_suite_is_frozen0/inventories/network-heterogeneous/network-heterogeneous-01.json,1062945,b8a39256,no
experiment-022/test-temp/test_inventory_suite_is_frozen0/inventories/network-heterogeneous/network-heterogeneous-02.json,1094296,d60c8ec4,no
experiment-022/test-temp/test_inventory_suite_is_frozen0/inventories/network-heterogeneous/network-heterogeneous-03.json,1125496,90a4e3f0,no
experiment-022/test-temp/test_inventory_suite_is_frozen0/inventories/network-heterogeneous/network-heterogeneous-04.json,1158079,ea249c7f,no
experiment-022/test-temp/test_inventory_suite_is_frozen0/inventories/network-heterogeneous/network-heterogeneous-05.json,1191047,c052bc73,no
experiment-022/test-temp/test_inventory_suite_is_frozen0/inventories/network-heterogeneous/network-heterogeneous-06.json,1224075,1fae3632,no
experiment-022/test-temp/test_inventory_suite_is_frozen0/inventories/seeds.json,612,98f2b32c,no
experiment-022/test-temp/test_inventory_suite_is_frozencurrent,136,9797c08f,no
experiment-022/test-temp-final/,0,00000000,no
experiment-022/test-temp-final/test_host_agent_launches_eight0/,0,00000000,no
experiment-022/test-temp-final/test_host_agent_launches_eight0/credential,34,259785b6,no
experiment-022/test-temp-final/test_host_agent_launches_eightcurrent,142,8a338cc0,no
experiment-022/test-temp-final/test_inventory_suite_is_frozen0/,0,00000000,no
experiment-022/test-temp-final/test_inventory_suite_is_frozen0/inventories/,0,00000000,no
experiment-022/test-temp-final/test_inventory_suite_is_frozen0/inventories/coarse-friendly/,0,00000000,no
experiment-022/test-temp-final/test_inventory_suite_is_frozen0/inventories/coarse-friendly/coarse-friendly-01.json,509063,03b55adb,no
experiment-022/test-temp-final/test_inventory_suite_is_frozen0/inventories/coarse-friendly/coarse-friendly-02.json,509419,656bdb5b,no
experiment-022/test-temp-final/test_inventory_suite_is_frozen0/inventories/coarse-friendly/coarse-friendly-03.json,509329,e59adef5,no
experiment-022/test-temp-final/test_inventory_suite_is_frozen0/inventories/compute-heterogeneous/,0,00000000,no
experiment-022/test-temp-final/test_inventory_suite_is_frozen0/inventories/compute-heterogeneous/compute-heterogeneous-01.json,1324413,e1c39431,no
experiment-022/test-temp-final/test_inventory_suite_is_frozen0/inventories/compute-heterogeneous/compute-heterogeneous-02.json,1358879,5b1ea7ca,no
experiment-022/test-temp-final/test_inventory_suite_is_frozen0/inventories/compute-heterogeneous/compute-heterogeneous-03.json,1393973,858df11b,no
experiment-022/test-temp-final/test_inventory_suite_is_frozen0/inventories/compute-heterogeneous/compute-heterogeneous-04.json,1429335,e3355870,no
experiment-022/test-temp-final/test_inventory_suite_is_frozen0/inventories/compute-heterogeneous/compute-heterogeneous-05.json,1465143,05ef1651,no
experiment-022/test-temp-final/test_inventory_suite_is_frozen0/inventories/compute-heterogeneous/compute-heterogeneous-06.json,1501702,dc76338c,no
experiment-022/test-temp-final/test_inventory_suite_is_frozen0/inventories/full-mixed/,0,00000000,no
experiment-022/test-temp-final/test_inventory_suite_is_frozen0/inventories/full-mixed/full-mixed-01.json,2151260,c607a6b0,no
experiment-022/test-temp-final/test_inventory_suite_is_frozen0/inventories/full-mixed/full-mixed-02.json,2151638,e2d131a9,no
experiment-022/test-temp-final/test_inventory_suite_is_frozen0/inventories/full-mixed/full-mixed-03.json,2151878,c9f6454c,no
experiment-022/test-temp-final/test_inventory_suite_is_frozen0/inventories/full-mixed/full-mixed-04.json,3320293,6cee590e,no
experiment-022/test-temp-final/test_inventory_suite_is_frozen0/inventories/full-mixed/full-mixed-05.json,3319858,7f1e5223,no
experiment-022/test-temp-final/test_inventory_suite_is_frozen0/inventories/full-mixed/full-mixed-06.json,3319391,b11f2a59,no
experiment-022/test-temp-final/test_inventory_suite_is_frozen0/inventories/generator-config.json,2305,86d78df1,no
experiment-022/test-temp-final/test_inventory_suite_is_frozen0/inventories/inventory-suite.json,51937397,08fe5525,no
experiment-022/test-temp-final/test_inventory_suite_is_frozen0/inventories/memory-fragmented/,0,00000000,no
experiment-022/test-temp-final/test_inventory_suite_is_frozen0/inventories/memory-fragmented/memory-fragmented-01.json,1580052,ec824e99,no
experiment-022/test-temp-final/test_inventory_suite_is_frozen0/inventories/memory-fragmented/memory-fragmented-02.json,2317601,9d0a436a,no
experiment-022/test-temp-final/test_inventory_suite_is_frozen0/inventories/memory-fragmented/memory-fragmented-03.json,1731568,f0457f38,no
experiment-022/test-temp-final/test_inventory_suite_is_frozen0/inventories/memory-fragmented/memory-fragmented-04.json,2501300,a5e3cc39,no
experiment-022/test-temp-final/test_inventory_suite_is_frozen0/inventories/memory-fragmented/memory-fragmented-05.json,1890471,3ad577f7,no
experiment-022/test-temp-final/test_inventory_suite_is_frozen0/inventories/memory-fragmented/memory-fragmented-06.json,2691487,34e2a104,no
experiment-022/test-temp-final/test_inventory_suite_is_frozen0/inventories/network-heterogeneous/,0,00000000,no
experiment-022/test-temp-final/test_inventory_suite_is_frozen0/inventories/network-heterogeneous/network-heterogeneous-01.json,1062945,2a3a0914,no
experiment-022/test-temp-final/test_inventory_suite_is_frozen0/inventories/network-heterogeneous/network-heterogeneous-02.json,1094296,a3bac16e,no
experiment-022/test-temp-final/test_inventory_suite_is_frozen0/inventories/network-heterogeneous/network-heterogeneous-03.json,1125496,d57254bf,no
experiment-022/test-temp-final/test_inventory_suite_is_frozen0/inventories/network-heterogeneous/network-heterogeneous-04.json,1158079,3e9c21c7,no
experiment-022/test-temp-final/test_inventory_suite_is_frozen0/inventories/network-heterogeneous/network-heterogeneous-05.json,1191047,c21b8920,no
experiment-022/test-temp-final/test_inventory_suite_is_frozen0/inventories/network-heterogeneous/network-heterogeneous-06.json,1224075,1cc90a57,no
experiment-022/test-temp-final/test_inventory_suite_is_frozen0/inventories/seeds.json,612,98f2b32c,no
experiment-022/test-temp-final/test_inventory_suite_is_frozencurrent,142,3aa42b00,no
experiment-022/test-temp-isolated/,0,00000000,no
experiment-022/test-temp-isolated/test_host_agent_launches_eight0/,0,00000000,no
experiment-022/test-temp-isolated/test_host_agent_launches_eight0/credential,34,259785b6,no
experiment-022/test-temp-isolated/test_host_agent_launches_eightcurrent,145,5e7df974,no
experiment-022/test-temp-memory/,0,00000000,no
experiment-022/test-temp-preflight/,0,00000000,no
experiment-022/test-temp-preflight/test_inventory_suite_is_frozen0/,0,00000000,no
experiment-022/test-temp-preflight/test_inventory_suite_is_frozen0/inventories/,0,00000000,no
experiment-022/test-temp-preflight/test_inventory_suite_is_frozen0/inventories/coarse-friendly/,0,00000000,no
experiment-022/test-temp-preflight/test_inventory_suite_is_frozen0/inventories/coarse-friendly/coarse-friendly-01.json,509063,03b55adb,no
experiment-022/test-temp-preflight/test_inventory_suite_is_frozen0/inventories/coarse-friendly/coarse-friendly-02.json,509419,656bdb5b,no
experiment-022/test-temp-preflight/test_inventory_suite_is_frozen0/inventories/coarse-friendly/coarse-friendly-03.json,509329,e59adef5,no
experiment-022/test-temp-preflight/test_inventory_suite_is_frozen0/inventories/compute-heterogeneous/,0,00000000,no
experiment-022/test-temp-preflight/test_inventory_suite_is_frozen0/inventories/compute-heterogeneous/compute-heterogeneous-01.json,1324413,e1c39431,no
experiment-022/test-temp-preflight/test_inventory_suite_is_frozen0/inventories/compute-heterogeneous/compute-heterogeneous-02.json,1358879,5b1ea7ca,no
experiment-022/test-temp-preflight/test_inventory_suite_is_frozen0/inventories/compute-heterogeneous/compute-heterogeneous-03.json,1393973,858df11b,no
experiment-022/test-temp-preflight/test_inventory_suite_is_frozen0/inventories/compute-heterogeneous/compute-heterogeneous-04.json,1429335,e3355870,no
experiment-022/test-temp-preflight/test_inventory_suite_is_frozen0/inventories/compute-heterogeneous/compute-heterogeneous-05.json,1465143,05ef1651,no
experiment-022/test-temp-preflight/test_inventory_suite_is_frozen0/inventories/compute-heterogeneous/compute-heterogeneous-06.json,1501702,dc76338c,no
experiment-022/test-temp-preflight/test_inventory_suite_is_frozen0/inventories/full-mixed/,0,00000000,no
experiment-022/test-temp-preflight/test_inventory_suite_is_frozen0/inventories/full-mixed/full-mixed-01.json,2151260,c607a6b0,no
experiment-022/test-temp-preflight/test_inventory_suite_is_frozen0/inventories/full-mixed/full-mixed-02.json,2151638,e2d131a9,no
experiment-022/test-temp-preflight/test_inventory_suite_is_frozen0/inventories/full-mixed/full-mixed-03.json,2151878,c9f6454c,no
experiment-022/test-temp-preflight/test_inventory_suite_is_frozen0/inventories/full-mixed/full-mixed-04.json,3320293,6cee590e,no
experiment-022/test-temp-preflight/test_inventory_suite_is_frozen0/inventories/full-mixed/full-mixed-05.json,3319858,7f1e5223,no
experiment-022/test-temp-preflight/test_inventory_suite_is_frozen0/inventories/full-mixed/full-mixed-06.json,3319391,b11f2a59,no
experiment-022/test-temp-preflight/test_inventory_suite_is_frozen0/inventories/generator-config.json,2305,86d78df1,no
experiment-022/test-temp-preflight/test_inventory_suite_is_frozen0/inventories/inventory-suite.json,51937397,08fe5525,no
experiment-022/test-temp-preflight/test_inventory_suite_is_frozen0/inventories/memory-fragmented/,0,00000000,no
experiment-022/test-temp-preflight/test_inventory_suite_is_frozen0/inventories/memory-fragmented/memory-fragmented-01.json,1580052,ec824e99,no
experiment-022/test-temp-preflight/test_inventory_suite_is_frozen0/inventories/memory-fragmented/memory-fragmented-02.json,2317601,9d0a436a,no
experiment-022/test-temp-preflight/test_inventory_suite_is_frozen0/inventories/memory-fragmented/memory-fragmented-03.json,1731568,f0457f38,no
experiment-022/test-temp-preflight/test_inventory_suite_is_frozen0/inventories/memory-fragmented/memory-fragmented-04.json,2501300,a5e3cc39,no
experiment-022/test-temp-preflight/test_inventory_suite_is_frozen0/inventories/memory-fragmented/memory-fragmented-05.json,1890471,3ad577f7,no
experiment-022/test-temp-preflight/test_inventory_suite_is_frozen0/inventories/memory-fragmented/memory-fragmented-06.json,2691487,34e2a104,no
experiment-022/test-temp-preflight/test_inventory_suite_is_frozen0/inventories/network-heterogeneous/,0,00000000,no
experiment-022/test-temp-preflight/test_inventory_suite_is_frozen0/inventories/network-heterogeneous/network-heterogeneous-01.json,1062945,2a3a0914,no
experiment-022/test-temp-preflight/test_inventory_suite_is_frozen0/inventories/network-heterogeneous/network-heterogeneous-02.json,1094296,a3bac16e,no
experiment-022/test-temp-preflight/test_inventory_suite_is_frozen0/inventories/network-heterogeneous/network-heterogeneous-03.json,1125496,d57254bf,no
experiment-022/test-temp-preflight/test_inventory_suite_is_frozen0/inventories/network-heterogeneous/network-heterogeneous-04.json,1158079,3e9c21c7,no
experiment-022/test-temp-preflight/test_inventory_suite_is_frozen0/inventories/network-heterogeneous/network-heterogeneous-05.json,1191047,c21b8920,no
experiment-022/test-temp-preflight/test_inventory_suite_is_frozen0/inventories/network-heterogeneous/network-heterogeneous-06.json,1224075,1cc90a57,no
experiment-022/test-temp-preflight/test_inventory_suite_is_frozen0/inventories/seeds.json,612,98f2b32c,no
experiment-022/test-temp-preflight/test_inventory_suite_is_frozencurrent,146,8a60cb14,no
experiment-022/test-temp-regression/,0,00000000,no
experiment-022/test-temp-regression/test_host_agent_launches_eight0/,0,00000000,no
experiment-022/test-temp-regression/test_host_agent_launches_eight0/credential,34,259785b6,no
experiment-022/test-temp-regression/test_host_agent_launches_eightcurrent,147,b48f1056,no
experiment-022/truth-table.json,1149,6a53092e,yes
experiment-022/validation/,0,00000000,no
experiment-022/validation/heldout-validation.csv,4212,fdea4b5a,yes
experiment-022/validation/model-validation.json,3001,44d6e29f,yes
experiment-022/validation/optimizer-convergence.csv,225326,f159d474,yes
experiment-022/validation/optimizer-small-oracle.csv,408,8f4ee290,yes
experiment-022/validation/ordered-dag-validation.csv,773,fb460447,yes
experiment-022/validation/provisional-inherited-service.csv,2526640,090988fa,yes
experiment-022/validation/resident-attention-raw.json,3381128,a030f69f,yes
experiment-022/validation/resident-attention-robust-raw.json,3379972,7c158b49,yes
experiment-022/validation/resident-expert-bank-raw.json,134236866,5715aac9,no
experiment-022/validation/resident-ordered-raw.json,408944,aab41555,yes
experiment-022/validation/resident-shard-results.csv,2767025,aff9e7c6,yes
experiment-022/validation/whole-layer-gpu-samples.csv,781,f934f497,yes
experiment-022/validation/whole-layer-resident-raw.json,337551,a5b9d1af,yes
experiment-016/,0,00000000,no
experiment-016/chart-index.json,1113,22b64707,yes
experiment-016/charts/,0,00000000,no
experiment-016/charts/chart-01-verifier-throughput-by-arm.png,88080,78da20b9,yes
experiment-016/charts/chart-01-verifier-throughput-by-arm.svg,57031,d687cae6,no
experiment-016/charts/chart-02-verifier-latency-decomposition.png,96713,a8539c69,yes
experiment-016/charts/chart-02-verifier-latency-decomposition.svg,65438,0d89f0fc,no
experiment-016/charts/chart-03-block-size-vs-total-latency.png,116529,9833cd52,yes
experiment-016/charts/chart-03-block-size-vs-total-latency.svg,56294,f72fc42a,no
experiment-016/charts/chart-04-block-size-vs-latency-per-candidate.png,106484,a383b426,yes
experiment-016/charts/chart-04-block-size-vs-latency-per-candidate.svg,53824,4bbd1b7a,no
experiment-016/charts/chart-05-expert-reuse.png,109362,0c0ec6a3,yes
experiment-016/charts/chart-05-expert-reuse.svg,66868,b1cb0a6f,no
experiment-016/charts/chart-06-oracle-throughput.png,98181,44ccd02a,yes
experiment-016/charts/chart-06-oracle-throughput.svg,62850,f5a3b005,no
experiment-016/charts/chart-07-dcp-scaling.png,160607,95193bdd,yes
experiment-016/charts/chart-07-dcp-scaling.svg,56575,2962cf9f,no
experiment-016/commands.txt,1837,98a376e1,yes
experiment-016/cuda/,0,00000000,no
experiment-016/cuda/coli_cuda-sm120-h016-final.dll,1303040,5fe6e079,no
experiment-016/cuda/coli_cuda-sm120-h016-final.exp,13740,f0e6ee42,no
experiment-016/cuda/coli_cuda-sm120-h016-final.lib,24798,b543c08a,no
experiment-016/cuda/coli_cuda-sm120-h016-indexed.dll,1103872,79f5d951,no
experiment-016/cuda/coli_cuda-sm120-h016-indexed.exp,13372,e0a1986c,no
experiment-016/cuda/coli_cuda-sm120-h016-indexed.lib,24328,71dd60d7,no
experiment-016/cuda/coli_cuda-sm120-h016-triangular.dll,1190400,c9d6a26e,no
experiment-016/cuda/coli_cuda-sm120-h016-triangular.exp,13575,dd57052c,no
experiment-016/cuda/coli_cuda-sm120-h016-triangular.lib,24940,1b1bb559,no
experiment-016/dcp/,0,00000000,no
experiment-016/dcp/component-results.csv,2849,4fbe9cc3,no
experiment-016/dcp/component-results.json,11280,ff26dfb5,no
experiment-016/dcp/gpu-results.json,145100,11aaf8fc,no
experiment-016/dcp/gpu-smoke-2k.json,59448,6fcd7433,no
experiment-016/environment.json,4211,01ebcb4e,yes
experiment-016/EXPERIMENT_016_REPORT.md,19476,2e44e7a2,no
experiment-016/failure-log.json,1247,b295705b,yes
experiment-016/model-metadata.json,1033,5aebd6f6,yes
experiment-016/physical/,0,00000000,no
experiment-016/physical/gpu-samples-final.csv,5061,89fa750b,yes
experiment-016/physical/gpu-samples-fused.csv,3487,7274c556,yes
experiment-016/physical/gpu-samples.csv,3295,5ea12085,yes
experiment-016/physical/mla-8k-block-sweep-final.json,284846,2fd4edce,yes
experiment-016/physical/mla-8k-block-sweep-fused-results.json,284929,566a0bce,yes
experiment-016/physical/mla-8k-block7-fused-results.json,59729,d40e433c,yes
experiment-016/physical/mla-8k-block7-results.json,59456,342665c0,yes
experiment-016/physical/mla-8k-block7-triangular-smoke.json,65825,102da4f8,yes
experiment-016/physical/verification-major-final.json,658384,802f2041,yes
experiment-016/physical/verification-major-fused-results.json,660014,ee18790e,yes
experiment-016/physical/verification-major-results.json,581572,43f22199,yes
experiment-016/results/,0,00000000,no
experiment-016/results/arm-results.csv,1429,be0b6f7b,yes
experiment-016/results/block-results.csv,1077,1d6defbc,yes
experiment-016/results/dcp-results.csv,1548,d1f05766,yes
experiment-016/results/latency-decomposition.csv,939,afff22d1,yes
experiment-016/results/oracle-by-block.csv,857,9aa60cee,yes
experiment-016/run-seeds.json,362,f9fbde6d,no
experiment-016/smoke-layer89-gpu.csv,427,d258b705,no
experiment-016/smoke-layer89.json,278756,a4d9c0f0,no
experiment-016/source-manifest.json,3044,a1235625,yes
experiment-016/summary.json,34087,50967dac,yes
experiment-016/test-results.json,637,a1eeeb5b,yes
experiment-017/,0,00000000,no
experiment-017/charts/,0,00000000,no
experiment-017/charts/chart-01-oracle-progress.png,87285,2690a107,yes
experiment-017/charts/chart-02-kda-budget-to-5.png,84786,e157178a,yes
experiment-017/charts/chart-03-kda-layer-decomposition.png,94672,053d03f1,yes
experiment-017/charts/chart-04-state-traffic.png,113109,9c298b31,yes
experiment-017/charts/chart-05-expert-service.png,66398,c2438727,yes
experiment-017/charts/chart-06-speed-quality-pareto.png,86041,49327ea0,yes
experiment-017/charts/chart-07-block-size-oracle.png,78714,03de6243,yes
experiment-017/charts/validation.json,1389,70ac2d2a,no
experiment-017/commands.txt,3655,44f5dd10,yes
experiment-017/cuda/,0,00000000,no
experiment-017/cuda/coli_cuda-sm120-h017-window.dll,1345536,125dc119,no
experiment-017/cuda/coli_cuda-sm120-h017-window.exp,13925,a95ac565,no
experiment-017/cuda/coli_cuda-sm120-h017-window.lib,25198,9cefb589,no
experiment-017/cuda/manifest.json,779,05606903,no
experiment-017/environment.json,6564,a37b04dd,yes
experiment-017/failure-log.json,1022,bfebdcd5,yes
experiment-017/full-pytest.xml,174922,6ee7522a,no
experiment-017/model-metadata.json,1115,45a4cebb,yes
experiment-017/physical/,0,00000000,no
experiment-017/physical/baseline-dcp-reproduction.json,146117,cb1a373b,yes
experiment-017/physical/baseline-mla8k-reproduction.json,284861,19bd86c4,yes
experiment-017/physical/baseline-reproduction.json,657619,dbdfc469,yes
experiment-017/physical/expert-unfused-control-physical.json,332847,a5ec32cf,yes
experiment-017/physical/factor-reference.json,20500,b0c6d561,yes
experiment-017/physical/gpu-samples-baseline.csv,5040,9de4201e,yes
experiment-017/physical/gpu-samples-expert-unfused.csv,3008,72fb1061,yes
experiment-017/physical/gpu-samples-ncu.csv,13783,a3bed053,yes
experiment-017/physical/gpu-samples-short-window.csv,2733,f2de5e56,yes
experiment-017/physical/gpu-samples-split-control.csv,2731,a260e97e,yes
experiment-017/physical/gpu-samples.csv,30645,d9633c98,yes
experiment-017/physical/kda-short-window-physical.json,332723,6db2da0c,yes
experiment-017/physical/kda-split-control-physical.json,333302,82962eae,yes
experiment-017/physical/ncu-short-window-run.json,322564,7f62327b,yes
experiment-017/physical/real-kda-layer-results.json,4449,7cbf6237,yes
experiment-017/results/,0,00000000,no
experiment-017/results/baseline.csv,532,20f4942b,yes
experiment-017/results/economics.csv,1383,52df07d6,yes
experiment-017/results/exact-combined.csv,1984,a8c5b649,yes
experiment-017/results/expert-backends.csv,1324,ac83fb18,yes
experiment-017/results/factorized-verification.csv,1866,a7155a1d,yes
experiment-017/results/kda-short-window.csv,2744,89bf721a,yes
experiment-017/results/oracle-by-block.csv,1971,25ffddbc,yes
experiment-017/results/precision-matrix.csv,1290,f97c4696,yes
experiment-017/results/replay-state.csv,719,47f5c7a3,yes
experiment-017/results/state-traffic.csv,1087,f61583af,yes
experiment-017/run-seeds.json,269,53f4bc8b,no
experiment-017/source-manifest.json,5017,d90c48b6,yes
experiment-017/summary.json,35056,8bacf62d,yes
experiment-017/target-tracker.json,6054,9a028024,yes
experiment-017/targeted-pytest.xml,7514,c4bd6927,no
experiment-017/test-results.json,1012,d625e119,yes
experiment-017/validation.json,2449,ada8abf0,yes
experiment-018/,0,00000000,no
experiment-018/.gitkeep,1,32d70693,no
experiment-018/attnres/,0,00000000,no
experiment-018/attnres/future-score-raw.json,109443,c9b92902,no
experiment-018/attnres/future-score-results.csv,647,03d5d7ae,no
experiment-018/attnres/network-results.csv,3835,a58f9f3f,no
experiment-018/attnres/object-cache-results.csv,4797,81435024,no
experiment-018/baseline/,0,00000000,no
experiment-018/baseline/oracle-curve.csv,666,9ba71899,no
experiment-018/charts/,0,00000000,no
experiment-018/charts/chart-01-oracle-progress.png,63767,bdd1e2c5,yes
experiment-018/charts/chart-02-wavefront-gantt.png,79645,bd2dcc01,yes
experiment-018/charts/chart-03-critical-path.png,94351,b2189975,yes
experiment-018/charts/chart-04-stage-utilization.png,115102,4f6001e4,yes
experiment-018/charts/chart-05-attnres-bytes.png,63854,1eeb19c6,yes
experiment-018/charts/chart-06-microshard-size.png,81464,32a87798,yes
experiment-018/charts/chart-07-network-sensitivity.png,67369,0e02f695,yes
experiment-018/charts/chart-08-control-plane.png,99301,44060ef6,yes
experiment-018/charts/chart-09-repeated-work.png,91137,c3b8b900,yes
experiment-018/charts/chart-10-economics.png,83421,20cb25b6,yes
experiment-018/commands.txt,3049,8cefbfd6,yes
experiment-018/control-plane/,0,00000000,no
experiment-018/control-plane/scaling-raw-compact-smoke.json,5414,e2cee7d7,yes
experiment-018/control-plane/scaling-raw-final.json,5988,b086601d,yes
experiment-018/control-plane/scaling-raw-preliminary.json,5052,1474ab6c,yes
experiment-018/control-plane/scaling.csv,1587,3567fc43,yes
experiment-018/dependencies/,0,00000000,no
experiment-018/dependencies/chunk-equivalence.json,54716,6237aa42,no
experiment-018/dependencies/k3-wavefront-dag.json,11030,ef10f06e,no
experiment-018/economics/,0,00000000,no
experiment-018/economics/results.csv,1717,976e5883,yes
experiment-018/environment.json,8760,79a12b91,yes
experiment-018/failure-log.json,2255,2fedc96e,yes
experiment-018/microshards/,0,00000000,no
experiment-018/microshards/equivalence.csv,1847,dae41ab5,no
experiment-018/microshards/network-sensitivity.csv,9427,be92eab2,no
experiment-018/microshards/physical-raw.json,288099,aabcead3,no
experiment-018/microshards/reduction-results.csv,518,9262c69c,no
experiment-018/microshards/shard-size.csv,1900,228219b8,no
experiment-018/model-metadata.json,2065,4772c1ad,yes
experiment-018/physical/,0,00000000,no
experiment-018/physical/baseline-reproduction.json,658533,d96ca1c4,yes
experiment-018/physical/expert-microshard.csv,2545,84a7d18b,yes
experiment-018/physical/gpu-samples-baseline.csv,5063,e3ea064b,yes
experiment-018/physical/gpu-samples-service-raw.csv,1431,320dbf8b,yes
experiment-018/physical/gpu-samples-service.csv,217599,31dbe76f,yes
experiment-018/physical/gpu-samples.csv,1431,320dbf8b,yes
experiment-018/physical/layer-service.csv,598345,27b9e36c,yes
experiment-018/physical/microcell-service.csv,32608,d919079d,yes
experiment-018/physical/service-raw.json,1924053,997703c9,yes
experiment-018/pytest.xml,177548,ab569ad5,no
experiment-018/repeated-work-audit.json,5507,c39fa535,no
experiment-018/source-manifest.json,10552,d3787bec,yes
experiment-018/summary.json,59154,6165a02c,yes
experiment-018/target-tracker.json,1131,7bab0ffc,yes
experiment-018/test-results.json,436,938f193a,yes
experiment-018/validation.json,7240,a2e43dba,yes
experiment-018/wavefront/,0,00000000,no
experiment-018/wavefront/critical-path.json,33419,45876897,no
experiment-018/wavefront/event-traces/,0,00000000,no
experiment-018/wavefront/event-traces/block-04-chunk-01-cache.json,242555,0bb4a76d,no
experiment-018/wavefront/event-traces/block-04-chunk-01-current.json,101369,6bdbbfd6,no
experiment-018/wavefront/event-traces/block-04-chunk-02-cache.json,147221,5d08fa98,no
experiment-018/wavefront/event-traces/block-04-chunk-02-current.json,63394,d1dca665,no
experiment-018/wavefront/event-traces/block-04-chunk-04-cache.json,100648,2f9e4af0,no
experiment-018/wavefront/event-traces/block-04-chunk-04-current.json,44195,8933e48b,no
experiment-018/wavefront/event-traces/block-07-chunk-01-cache.json,384576,bb48533d,no
experiment-018/wavefront/event-traces/block-07-chunk-01-current.json,158688,0abae2fd,no
experiment-018/wavefront/event-traces/block-07-chunk-02-cache.json,193916,18e9a924,no
experiment-018/wavefront/event-traces/block-07-chunk-02-current.json,82747,6045e379,no
experiment-018/wavefront/event-traces/block-07-chunk-04-cache.json,100786,e068d992,no
experiment-018/wavefront/event-traces/block-07-chunk-04-current.json,44345,5b242e53,no
experiment-018/wavefront/event-traces/block-12-chunk-01-cache.json,622529,107f3a5f,no
experiment-018/wavefront/event-traces/block-12-chunk-01-current.json,254360,c9a6e0ca,no
experiment-018/wavefront/event-traces/block-12-chunk-02-cache.json,335685,8adc9c8b,no
experiment-018/wavefront/event-traces/block-12-chunk-02-current.json,140314,05fec87f,no
experiment-018/wavefront/event-traces/block-12-chunk-04-cache.json,195721,23fbbd43,no
experiment-018/wavefront/event-traces/block-12-chunk-04-current.json,82644,c8a510ba,no
experiment-018/wavefront/event-traces/block-12-chunk-08-cache.json,148272,5414c1ef,no
experiment-018/wavefront/event-traces/block-12-chunk-08-current.json,63383,eeb03e01,no
experiment-018/wavefront/event-traces/block-16-chunk-01-cache.json,812792,36cecfb4,no
experiment-018/wavefront/event-traces/block-16-chunk-01-current.json,330932,ee3e4ec2,no
experiment-018/wavefront/event-traces/block-16-chunk-02-cache.json,429881,3dca7da2,no
experiment-018/wavefront/event-traces/block-16-chunk-02-current.json,178786,fcf5cb30,no
experiment-018/wavefront/event-traces/block-16-chunk-04-cache.json,243220,1fbdfa36,no
experiment-018/wavefront/event-traces/block-16-chunk-04-current.json,101865,6ad15f39,no
experiment-018/wavefront/event-traces/block-16-chunk-08-cache.json,148422,c6fe689a,no
experiment-018/wavefront/event-traces/block-16-chunk-08-current.json,63484,064285a3,no
experiment-018/wavefront/event-traces/fine-winning.json,191420185,f9b02352,no
experiment-018/wavefront/network-sensitivity.csv,1895,3a0e81a7,no
experiment-018/wavefront/stage-balance.csv,1560,94739158,no
experiment-018/wavefront/sweep.csv,67199,0577888b,no
experiment-019/,0,00000000,no
experiment-019/charts/,0,00000000,no
experiment-019/charts/chart-01-swarm-throughput.png,78836,17fedd47,yes
experiment-019/charts/chart-02-worker-memory.png,63969,ba85689e,yes
experiment-019/charts/chart-03-worker-placement.png,219183,b4150c38,yes
experiment-019/charts/chart-04-expert-stripe.png,93562,0fd451a8,yes
experiment-019/charts/chart-05-sharded-layer-dag.png,72893,48684510,yes
experiment-019/charts/chart-06-wavefront-workers.png,114095,4f200dce,yes
experiment-019/charts/chart-07-monolith-tax.png,116897,83257b3b,yes
experiment-019/charts/chart-08-network-sensitivity.png,90547,2e049dc0,yes
experiment-019/charts/chart-09-worker-cap-vs-throughput.png,76579,11c975a8,yes
experiment-019/charts/chart-10-worker-count-vs-throughput.png,71113,a0996952,yes
experiment-019/charts/chart-11-economics.png,75349,40e50381,yes
experiment-019/charts/chart-12-evidence-stack.png,88693,42ab11c3,yes
experiment-019/commands.txt,1245,d517ac01,yes
experiment-019/control-plane/,0,00000000,no
experiment-019/control-plane/protocol-and-scaling.json,16344,7e7059e7,yes
experiment-019/control-plane/scaling.csv,1904,17fa5493,yes
experiment-019/correctness/,0,00000000,no
experiment-019/correctness/depth-span-initial-boundary-failure.json,23774,27718ebe,yes
experiment-019/correctness/depth-span.json,22142,ff8a75ad,yes
experiment-019/correctness/expert-stripe.json,11078,0a93015f,yes
experiment-019/correctness/full-93-sharded-initial-validator.json,36448334,0bb0acb3,no
experiment-019/correctness/full-93-sharded.json,36448735,b84a64a0,no
experiment-019/correctness/kda-layer.json,5605,b477bd5d,yes
experiment-019/correctness/layer-0-smoke-v2.json,69418,609267ba,yes
experiment-019/correctness/layer-0-smoke.json,69560,9a59cd3e,yes
experiment-019/correctness/mla-layer.json,5636,79426744,yes
experiment-019/correctness/representative-layers-raw.json,25481,3817b7dc,yes
experiment-019/economics/,0,00000000,no
experiment-019/economics/results.csv,2021,783d6d13,yes
experiment-019/environment.json,3757,86c1d8ca,yes
experiment-019/failure-log.json,2183,068f9bbc,yes
experiment-019/model-metadata.json,347,2d03ab70,yes
experiment-019/network/,0,00000000,no
experiment-019/network/collective-sweep.csv,37407,f32fa028,yes
experiment-019/network/heterogeneity-sensitivity.csv,4612,e9167205,yes
experiment-019/network/network-sensitivity.csv,10056,631aff3d,yes
experiment-019/physical/,0,00000000,no
experiment-019/physical/attention-raw-initial-5-sample.json,6568098,3e0a29aa,yes
experiment-019/physical/attention-raw.json,6577245,ee8d6528,yes
experiment-019/physical/collective-software-overhead.csv,3188,90e50627,yes
experiment-019/physical/endpoint-shards.csv,24168,983d15d6,yes
experiment-019/physical/exp019-kda-shard-sm120-v2.dll,223744,0429ab1c,no
experiment-019/physical/exp019-kda-shard-sm120-v2.exp,1743,ad698de7,no
experiment-019/physical/exp019-kda-shard-sm120-v2.lib,3578,384681f5,no
experiment-019/physical/exp019-kda-shard-sm120.dll,212480,45f3f63b,no
experiment-019/physical/exp019-kda-shard-sm120.exp,1602,a0c5a20e,no
experiment-019/physical/exp019-kda-shard-sm120.lib,3294,3a763573,no
experiment-019/physical/expert-stripe-bank.csv,2291,0ef2da6f,yes
experiment-019/physical/expert-stripe-raw.json,55469457,3bffab74,no
experiment-019/physical/gpu-samples.csv,54807,5fcff4b0,yes
experiment-019/physical/kda-stripe.csv,39399,84e25b11,yes
experiment-019/physical/mla-stripe.csv,39393,decb5259,yes
experiment-019/physical/other-shards-raw.json,7136958,7022664a,yes
experiment-019/physical/projection-stripe.csv,68620,7782d09a,yes
experiment-019/physical/shard-service-raw.json,73621287,aa0b26f1,no
experiment-019/physical/shared-expert-stripe.csv,22851,c1f54de8,yes
experiment-019/placement/,0,00000000,no
experiment-019/placement/checkpoint-read-audit.json,102769312,39338e8a,no
experiment-019/placement/placement-sweep.csv,52780,3405a5e5,no
experiment-019/placement/tensor-census.csv,81147820,ff473348,no
experiment-019/placement/tensor-coverage.csv,353992615,46882131,no
experiment-019/placement/worker-manifest-1g.json,6111051,004734c1,no
experiment-019/placement/worker-manifest-20g.json,998259,83b31d65,no
experiment-019/placement/worker-manifest-2g.json,3069173,381138c3,no
experiment-019/placement/worker-manifest-4g.json,1542532,34b68ba4,no
experiment-019/placement/worker-manifest-8g.json,997882,95e7bd2e,no
experiment-019/simulation/,0,00000000,no
experiment-019/simulation/compute-slowdown-sensitivity.csv,3821,4e789a8f,no
experiment-019/simulation/critical-path.json,86977,6f00a541,no
experiment-019/simulation/event-traces/,0,00000000,no
experiment-019/simulation/event-traces/winning-tier-a.json,153796226,21eaf8f7,no
experiment-019/simulation/monolith-tax.csv,889,89c00095,no
experiment-019/simulation/worker-sweep.csv,216345,fa493e43,no
experiment-019/simulation/worker-utilization.csv,28094,117a82df,no
experiment-019/source-manifest.json,7633,49315a3c,yes
experiment-019/summary.json,23172,b9d4b5d8,yes
experiment-019/target-tracker.json,296,60afb9f7,yes
experiment-019/test-results.json,2136,606534df,yes
experiment-019/test-temp/,0,00000000,no
experiment-019/test-temp/pytest/,0,00000000,no
experiment-019/test-temp/pytest/test_direct_loader_reads_only_0/,0,00000000,no
experiment-019/test-temp/pytest/test_direct_loader_reads_only_0/model.safetensors,164,86741761,no
experiment-019/test-temp/pytest/test_direct_loader_reads_only_0/model.safetensors.index.json,126,8485c926,no
experiment-019/test-temp/pytest/test_direct_loader_reads_only_current,143,47a7aaf3,no
experiment-019/test-temp/pytest-final/,0,00000000,no
experiment-019/test-temp/pytest-final/test_direct_loader_reads_only_0/,0,00000000,no
experiment-019/test-temp/pytest-final/test_direct_loader_reads_only_0/model.safetensors,164,86741761,no
experiment-019/test-temp/pytest-final/test_direct_loader_reads_only_0/model.safetensors.index.json,126,8485c926,no
experiment-019/test-temp/pytest-final/test_direct_loader_reads_only_current,149,90701047,no
experiment-019/test-temp/pytest-report/,0,00000000,no
experiment-019/test-temp/pytest-report/test_direct_loader_reads_only_0/,0,00000000,no
experiment-019/test-temp/pytest-report/test_direct_loader_reads_only_0/model.safetensors,164,86741761,no
experiment-019/test-temp/pytest-report/test_direct_loader_reads_only_0/model.safetensors.index.json,126,8485c926,no
experiment-019/test-temp/pytest-report/test_direct_loader_reads_only_current,150,81e0ba6a,no
experiment-019/test-temp/pytest2/,0,00000000,no
experiment-019/test-temp/pytest2/test_direct_loader_reads_only_0/,0,00000000,no
experiment-019/test-temp/pytest2/test_direct_loader_reads_only_0/model.safetensors,164,86741761,no
experiment-019/test-temp/pytest2/test_direct_loader_reads_only_0/model.safetensors.index.json,126,8485c926,no
experiment-019/test-temp/pytest2/test_direct_loader_reads_only_current,144,c48c4cbf,no
experiment-019/truth-table.json,1497,d142e256,yes
experiment-019/validation/,0,00000000,no
experiment-019/validation/baseline-comparison.csv,702,fd598bf8,yes
experiment-019/validation/heldout-layer-service.csv,1429,f7665735,yes
experiment-019/validation/serial-component-breakdown.csv,22905,830bffe5,yes
experiment-019/validation/serial-reconstruction.csv,1583,3512e088,yes
experiment-019/validation.json,101531,738ffac1,yes
experiment-020/,0,00000000,no
experiment-020/charts/,0,00000000,no
experiment-020/charts/chart-01-readiness.png,118302,7ffc9791,yes
experiment-020/charts/chart-02-placement.png,78484,870adeb0,yes
experiment-020/charts/chart-03-worker-memory.png,50669,e43eafb7,yes
experiment-020/charts/chart-04-work-inflation.png,55516,8b7453cb,yes
experiment-020/charts/chart-05-expert-fusion.png,50204,44bc60dd,yes
experiment-020/charts/chart-06-projected-throughput-envelope.png,62634,c6e6a613,yes
experiment-020/charts/chart-07-concurrency.png,59716,3905431a,yes
experiment-020/charts/chart-08-vast-availability.png,51438,697fc300,yes
experiment-020/charts/chart-09-vast-cost.png,26961,48e06c75,yes
experiment-020/charts/chart-10-risk-register.png,34882,feca4a59,yes
experiment-020/commands.txt,3551,c3db5d8d,yes
experiment-020/correctness/,0,00000000,no
experiment-020/correctness/full-93-sharded.json,71923634,b1764e76,no
experiment-020/deployment/,0,00000000,no
experiment-020/deployment/bootstrap-test.json,1206,21d961c1,no
experiment-020/deployment/dependency-lock.json,1259,1ac009f1,no
experiment-020/deployment/docker-image-inspect.json,1005,509ac033,no
experiment-020/deployment/linux-build.json,2516,24741f95,no
experiment-020/deployment/model-acquisition.json,1103,1ff23f2e,no
experiment-020/deployment/native/,0,00000000,no
experiment-020/deployment/native/sm86/,0,00000000,no
experiment-020/deployment/native/sm86/libcoli_cuda-sm86.so,1887696,feaa8207,no
experiment-020/deployment/native/sm86/libe019_kda_shard-sm86.so,1088400,8a0f3f3c,no
experiment-020/deployment/native/sm86/libe020_grouped_top16-sm86.so,1028528,fc2d7ae6,no
experiment-020/deployment/pod-bundles.json,106217,f537588b,no
experiment-020/deployment/sm86-build.json,1046,f521c14a,no
experiment-020/environment.json,2067,7cc8b34a,yes
experiment-020/failure-log.json,4727,e96c4c7d,yes
experiment-020/model-metadata.json,635,819683cd,yes
experiment-020/physical/,0,00000000,no
experiment-020/physical/attention-raw.json,6576949,872a2226,yes
experiment-020/physical/e020-grouped-top16-sm120.dll,175104,13b7544d,no
experiment-020/physical/e020-grouped-top16-sm120.exp,1434,c66ca9c6,no
experiment-020/physical/e020-grouped-top16-sm120.lib,3026,d108b326,no
experiment-020/physical/e020-grouped-top16-sm86.dll,168448,3b9215bc,no
experiment-020/physical/e020-grouped-top16-sm86.exp,1431,a5e3a739,no
experiment-020/physical/e020-grouped-top16-sm86.lib,3004,d11c69f1,no
experiment-020/physical/expert-grouped-heldout-raw.json,79996,1a2eab76,yes
experiment-020/physical/expert-grouped-p16-raw.json,157978,a3ab90c0,yes
experiment-020/physical/expert-grouped-raw.json,79972,a11cc138,yes
experiment-020/physical/expert-grouped-robust-calibration.json,79712,007800b8,yes
experiment-020/physical/expert-grouped-robust-heldout.json,79720,72dc6d02,yes
experiment-020/physical/expert-grouped-validation-raw.json,79791,bc97fc62,yes
experiment-020/physical/expert-grouped.csv,1733,bcfb0076,yes
experiment-020/physical/gpu-samples.csv,68328,d4768e09,yes
experiment-020/physical/other-shards-heldout-raw.json,7143473,ab31a160,yes
experiment-020/physical/other-shards-raw.json,7135245,a71c08ba,yes
experiment-020/physical/other-shards-robust-calibration.json,1239448,6a26663b,yes
experiment-020/physical/other-shards-robust-heldout.json,1239606,875d6905,yes
experiment-020/physical/other-shards-validation-raw.json,7131796,587f1d99,yes
experiment-020/physical/worker-services.csv,104707,ce25257d,yes
experiment-020/placement/,0,00000000,no
experiment-020/placement/candidate-sweep.csv,1440,2980f4b1,no
experiment-020/placement/final-placement.json,32948,9758ecba,no
experiment-020/placement/manifest-hash-audit.json,253,fe2d65fd,no
experiment-020/placement/memory-audit.json,47690,7fcade36,no
experiment-020/placement/tensor-coverage.csv,746007748,de5f2389,no
experiment-020/placement/worker-manifest/,0,00000000,no
experiment-020/placement/worker-manifest/pod-000.worker-00.json,6178,225885f6,no
experiment-020/placement/worker-manifest/pod-000.worker-01.json,5961,d53ae4dd,no
experiment-020/placement/worker-manifest/pod-000.worker-02.json,5960,8d6a5d3f,no
experiment-020/placement/worker-manifest/pod-000.worker-03.json,5961,6557cc25,no
experiment-020/placement/worker-manifest/pod-000.worker-04.json,5961,0ca46312,no
experiment-020/placement/worker-manifest/pod-000.worker-05.json,5960,cdffd5c9,no
experiment-020/placement/worker-manifest/pod-000.worker-06.json,5961,41a68cbb,no
experiment-020/placement/worker-manifest/pod-000.worker-07.json,5960,dc15e0a8,no
experiment-020/placement/worker-manifest/pod-001.worker-00.json,6160,53cb2fad,no
experiment-020/placement/worker-manifest/pod-001.worker-01.json,5936,fc79f22d,no
experiment-020/placement/worker-manifest/pod-001.worker-02.json,5936,3191a8ce,no
experiment-020/placement/worker-manifest/pod-001.worker-03.json,5937,eaabd509,no
experiment-020/placement/worker-manifest/pod-001.worker-04.json,5937,becaf40e,no
experiment-020/placement/worker-manifest/pod-001.worker-05.json,5936,0dcd6b69,no
experiment-020/placement/worker-manifest/pod-001.worker-06.json,5936,893b4e97,no
experiment-020/placement/worker-manifest/pod-001.worker-07.json,5936,9c149757,no
experiment-020/placement/worker-manifest/pod-002.worker-00.json,6279,051c02c1,no
experiment-020/placement/worker-manifest/pod-002.worker-01.json,6055,bb635273,no
experiment-020/placement/worker-manifest/pod-002.worker-02.json,6054,183b91d0,no
experiment-020/placement/worker-manifest/pod-002.worker-03.json,6055,dd50230d,no
experiment-020/placement/worker-manifest/pod-002.worker-04.json,6054,583f4392,no
experiment-020/placement/worker-manifest/pod-002.worker-05.json,6055,51a1cae9,no
experiment-020/placement/worker-manifest/pod-002.worker-06.json,6054,31073133,no
experiment-020/placement/worker-manifest/pod-002.worker-07.json,6054,a994cb30,no
experiment-020/placement/worker-manifest/pod-003.worker-00.json,6169,bf5499df,no
experiment-020/placement/worker-manifest/pod-003.worker-01.json,5945,d0929393,no
experiment-020/placement/worker-manifest/pod-003.worker-02.json,5945,102a506a,no
experiment-020/placement/worker-manifest/pod-003.worker-03.json,5944,62d4a018,no
experiment-020/placement/worker-manifest/pod-003.worker-04.json,5945,7c399737,no
experiment-020/placement/worker-manifest/pod-003.worker-05.json,5944,45cc86cb,no
experiment-020/placement/worker-manifest/pod-003.worker-06.json,5944,2cb22e41,no
experiment-020/placement/worker-manifest/pod-003.worker-07.json,5945,e08d9c47,no
experiment-020/placement/worker-manifest/pod-004.worker-00.json,6170,1dcc0e66,no
experiment-020/placement/worker-manifest/pod-004.worker-01.json,5944,fc6aa4d2,no
experiment-020/placement/worker-manifest/pod-004.worker-02.json,5945,9933c5e7,no
experiment-020/placement/worker-manifest/pod-004.worker-03.json,5944,0f01a671,no
experiment-020/placement/worker-manifest/pod-004.worker-04.json,5945,1d46cadd,no
experiment-020/placement/worker-manifest/pod-004.worker-05.json,5945,768aa7be,no
experiment-020/placement/worker-manifest/pod-004.worker-06.json,5945,6c85a342,no
experiment-020/placement/worker-manifest/pod-004.worker-07.json,5945,19f53378,no
experiment-020/placement/worker-manifest/pod-005.worker-00.json,6169,dfd98f22,no
experiment-020/placement/worker-manifest/pod-005.worker-01.json,5945,f3a81e40,no
experiment-020/placement/worker-manifest/pod-005.worker-02.json,5945,ee72545c,no
experiment-020/placement/worker-manifest/pod-005.worker-03.json,5944,df58a223,no
experiment-020/placement/worker-manifest/pod-005.worker-04.json,5945,0d31be5d,no
experiment-020/placement/worker-manifest/pod-005.worker-05.json,5942,6ee50944,no
experiment-020/placement/worker-manifest/pod-005.worker-06.json,5941,dc04b664,no
experiment-020/placement/worker-manifest/pod-005.worker-07.json,5943,a8622663,no
experiment-020/placement/worker-manifest/pod-006.worker-00.json,6170,ac91ba2d,no
experiment-020/placement/worker-manifest/pod-006.worker-01.json,5945,ca9cf6fd,no
experiment-020/placement/worker-manifest/pod-006.worker-02.json,5944,20d77f3a,no
experiment-020/placement/worker-manifest/pod-006.worker-03.json,5945,8e9e903d,no
experiment-020/placement/worker-manifest/pod-006.worker-04.json,5945,61ed7e22,no
experiment-020/placement/worker-manifest/pod-006.worker-05.json,5944,a6c99fd0,no
experiment-020/placement/worker-manifest/pod-006.worker-06.json,5945,d87657e9,no
experiment-020/placement/worker-manifest/pod-006.worker-07.json,5945,97aea6a8,no
experiment-020/placement/worker-manifest/pod-007.worker-00.json,6170,58bbf12e,no
experiment-020/placement/worker-manifest/pod-007.worker-01.json,5944,4a48ecb7,no
experiment-020/placement/worker-manifest/pod-007.worker-02.json,5945,97b5147b,no
experiment-020/placement/worker-manifest/pod-007.worker-03.json,5945,4afafe08,no
experiment-020/placement/worker-manifest/pod-007.worker-04.json,5944,13acc452,no
experiment-020/placement/worker-manifest/pod-007.worker-05.json,5944,a9a7d752,no
experiment-020/placement/worker-manifest/pod-007.worker-06.json,5943,365b0e46,no
experiment-020/placement/worker-manifest/pod-007.worker-07.json,5944,19228778,no
experiment-020/placement/worker-manifest/pod-008.worker-00.json,6169,fbf4b697,no
experiment-020/placement/worker-manifest/pod-008.worker-01.json,5945,a7851ee3,no
experiment-020/placement/worker-manifest/pod-008.worker-02.json,5944,e715f746,no
experiment-020/placement/worker-manifest/pod-008.worker-03.json,5945,8693ec32,no
experiment-020/placement/worker-manifest/pod-008.worker-04.json,5945,e24f474b,no
experiment-020/placement/worker-manifest/pod-008.worker-05.json,5944,4a519656,no
experiment-020/placement/worker-manifest/pod-008.worker-06.json,5944,4ea5c10d,no
experiment-020/placement/worker-manifest/pod-008.worker-07.json,5944,e0e686d5,no
experiment-020/placement/worker-manifest/pod-009.worker-00.json,6169,b37df50e,no
experiment-020/placement/worker-manifest/pod-009.worker-01.json,5945,1b24e6f3,no
experiment-020/placement/worker-manifest/pod-009.worker-02.json,5944,c9a73c66,no
experiment-020/placement/worker-manifest/pod-009.worker-03.json,5945,35828ec2,no
experiment-020/placement/worker-manifest/pod-009.worker-04.json,5945,ba2b6b66,no
experiment-020/placement/worker-manifest/pod-009.worker-05.json,6052,005b29fb,no
experiment-020/placement/worker-manifest/pod-009.worker-06.json,5944,6040bf09,no
experiment-020/placement/worker-manifest/pod-009.worker-07.json,5945,9e028759,no
experiment-020/placement/worker-manifest/pod-010.worker-00.json,6170,ae602d06,no
experiment-020/placement/worker-manifest/pod-010.worker-01.json,5943,35d5f702,no
experiment-020/placement/worker-manifest/pod-010.worker-02.json,5945,565d762b,no
experiment-020/placement/worker-manifest/pod-010.worker-03.json,5944,78c77fed,no
experiment-020/placement/worker-manifest/pod-010.worker-04.json,5945,dbd32de9,no
experiment-020/placement/worker-manifest/pod-010.worker-05.json,5943,a08e18f8,no
experiment-020/placement/worker-manifest/pod-010.worker-06.json,5944,97b2cb95,no
experiment-020/placement/worker-manifest/pod-010.worker-07.json,5943,7adeb0b9,no
experiment-020/placement/worker-manifest/pod-011.worker-00.json,4629,d4aa8ba6,no
experiment-020/placement/worker-manifest/pod-011.worker-01.json,4438,02197d17,no
experiment-020/placement/worker-manifest/pod-011.worker-02.json,4437,24d71eef,no
experiment-020/placement/worker-manifest/pod-011.worker-03.json,4438,cb7fc6b5,no
experiment-020/placement/worker-manifest/pod-011.worker-04.json,4438,b98d0887,no
experiment-020/placement/worker-manifest/pod-011.worker-05.json,4437,70ac5a05,no
experiment-020/placement/worker-manifest/pod-011.worker-06.json,4438,e6e72289,no
experiment-020/placement/worker-manifest/pod-011.worker-07.json,4438,efed169f,no
experiment-020/readiness.json,3700,5e7708a3,yes
experiment-020/risk-register.json,6869,a803a0f6,yes
experiment-020/runtime/,0,00000000,no
experiment-020/runtime/1000-worker-stress.json,1241,f5087149,yes
experiment-020/runtime/376-worker-stress.json,1235,650420ce,yes
experiment-020/runtime/96-worker-dry-run.json,1228,0fe37199,yes
experiment-020/runtime/network-probe-smoke.json,1679,6f8d9b07,yes
experiment-020/runtime/network-shaped-rehearsal.json,702,197c85a2,yes
experiment-020/runtime/protocol-calibration-raw.json,16456,5ac67b53,yes
experiment-020/runtime/protocol-heldout-raw.json,16621,e336d204,yes
experiment-020/runtime/protocol-validation-raw.json,16302,9365ae15,yes
experiment-020/runtime/security-validation.json,812,59a26d3b,yes
experiment-020/runtime/transport-results.csv,394,bd511f07,yes
experiment-020/simulation/,0,00000000,no
experiment-020/simulation/accounting-reconciliation.json,30517,b2cc3c3d,no
experiment-020/simulation/concurrency.csv,955,212a71b3,no
experiment-020/simulation/critical-path.json,150583,527c08eb,no
experiment-020/simulation/speculative-overhead.csv,1252,32525d2a,no
experiment-020/simulation/speculative-overhead.json,3317,0fc8df76,no
experiment-020/simulation/stragglers.csv,1075,14b7e0f2,no
experiment-020/simulation/target-oracle.csv,2564,2164aba3,no
experiment-020/simulation/topology-gates.json,1251,0da7ea84,no
experiment-020/simulation/uncertainty-envelope.csv,5469,9f8a140c,no
experiment-020/simulation/work-inflation.csv,1210,3ad2f03e,no
experiment-020/source-manifest.json,7583,ad2f3c62,yes
experiment-020/summary.json,10791,0e1f6b30,yes
experiment-020/test-results.json,632,29d21a63,yes
experiment-020/tests/,0,00000000,no
experiment-020/tests/full-junit.xml,185916,66abfdea,no
experiment-020/tests/unit-junit.xml,7772,2d89d15c,no
experiment-020/truth-table.json,1876,28c82cc9,yes
experiment-020/validation/,0,00000000,no
experiment-020/validation/accounting-reconciliation.json,30517,b2cc3c3d,yes
experiment-020/validation/heldout-service.csv,2058,acb0c35d,yes
experiment-020/validation/single-resource-replay-initial-failed.json,4699,2867f17a,yes
experiment-020/validation/single-resource-replay-second-failed.json,4699,805127dc,yes
experiment-020/validation/single-resource-replay.csv,1745,85989640,yes
experiment-020/validation/single-resource-replay.json,5034,419e3581,yes
experiment-020/vast/,0,00000000,no
experiment-020/vast/cli-validation.json,1502,9c1a1a97,no
experiment-020/vast/cost-estimate.json,2230,fd3ab39a,no
experiment-020/vast/dry-run-plan.json,1241,1e0e141a,no
experiment-020/vast/e021-preflight.json,4468,62bd4a3d,no
experiment-020/vast/fleet-feasibility.json,3070,f9b33d17,no
experiment-020/vast/fleet-policy.json,829,12a526ab,no
experiment-020/vast/mock-provisioning.json,13619,0b12e19a,no
experiment-020/vast/mock-rollback.json,132191,1d2125f5,no
experiment-020/vast/offer-snapshot.json,163619,494dc7ae,no
experiment-020/vast/rendered-bootstrap.txt,392,10058c2b,no
experiment-020/vast/rendered-launch-commands.txt,5619,9383f842,no
experiment-020/vast/rendered-teardown.txt,277,81f19a7e,no
experiment-020/vast/safety-audit.json,23962,7c41ff96,no
experiment-021/,0,00000000,no
experiment-021/chart-index.json,2269,2ae78e23,yes
experiment-021/charts/,0,00000000,no
experiment-021/charts/chart-01-memory-fragmentation-curve.png,107972,0df5d5c6,yes
experiment-021/charts/chart-02-network-envelope.png,117592,86366981,yes
experiment-021/charts/chart-03-worker-count.png,63839,2e1f46c8,yes
experiment-021/charts/chart-04-critical-path.png,70580,f5493390,yes
experiment-021/charts/chart-05-network-vs-compute.png,65052,aaf36e01,yes
experiment-021/charts/chart-06-whole-layer-control.png,74237,f9e5bbc2,yes
experiment-021/charts/chart-07-worker-utilization.png,74796,16239b58,yes
experiment-021/charts/chart-08-market-fragmented-inventory.png,75638,226054da,yes
experiment-021/charts/chart-09-concurrency.png,121209,20c7ab7f,yes
experiment-021/charts/chart-10-evidence-stack.png,70956,379a46a3,yes
experiment-021/commands.txt,1964,68a3f9bf,yes
experiment-021/control-plane/,0,00000000,no
experiment-021/control-plane/scaling.csv,5406,9e91c986,yes
experiment-021/correctness/,0,00000000,no
experiment-021/correctness/worker-process-93-layer.json,1875,81db2ebf,yes
experiment-021/cost/,0,00000000,no
experiment-021/cost/resource-economics.csv,6768,122c05f4,no
experiment-021/environment.json,1643,cda2f42c,yes
experiment-021/failure-log.json,2240,f1a174e5,yes
experiment-021/model-metadata.json,854,f34a9495,yes
experiment-021/physical/,0,00000000,no
experiment-021/physical/gpu-samples.csv,3763,dd9d0a6d,yes
experiment-021/physical/ordered-workloads.json,8094,92ce6a67,yes
experiment-021/physical/worker-services.csv,41219,81a3c068,yes
experiment-021/placement/,0,00000000,no
experiment-021/placement/candidate-search.csv,29629,a821aaca,no
experiment-021/placement/checkpoint-coverage.csv,765209134,69fcc1a0,no
experiment-021/placement/direct-read-audit.json,8228,92bef2df,no
experiment-021/placement/whole-layer-feasibility.json,111617,6d3eb293,no
experiment-021/placement/worker-manifest-1g.json,7213728,3ba1a58e,no
experiment-021/placement/worker-manifest-2g.json,3621276,1d630d96,no
experiment-021/placement/worker-manifest-4g.json,1819168,46b55760,no
experiment-021/placement/worker-manifest-8g.json,1137898,5e4148b9,no
experiment-021/placement/worker-memory-tiers.csv,702,c480beeb,no
experiment-021/qa/,0,00000000,no
experiment-021/qa/artifact-validation.json,33568,dcbf5da8,no
experiment-021/qa/pytest-temp/,0,00000000,no
experiment-021/qa/pytest-temp/test_cache_rejects_hash_mismat0/,0,00000000,no
experiment-021/qa/pytest-temp/test_cache_rejects_hash_mismat0/cache/,0,00000000,no
experiment-021/qa/pytest-temp/test_cache_rejects_hash_mismat0/cache/objects/,0,00000000,no
experiment-021/qa/pytest-temp/test_cache_rejects_hash_mismat0/cache/objects/27/,0,00000000,no
experiment-021/qa/pytest-temp/test_cache_rejects_hash_mismat0/cache/objects/27/27042f4e6eca7d0b2a7ee4026df2ecfa51d3339e6d122aa099118ecd8563bad9.partial,5,27c59d1a,no
experiment-021/qa/pytest-temp/test_cache_rejects_hash_mismatcurrent,141,6114f124,no
experiment-021/qa/pytest-temp/test_cache_resumes_verifies_an0/,0,00000000,no
experiment-021/qa/pytest-temp/test_cache_resumes_verifies_an0/cache/,0,00000000,no
experiment-021/qa/pytest-temp/test_cache_resumes_verifies_an0/cache/objects/,0,00000000,no
experiment-021/qa/pytest-temp/test_cache_resumes_verifies_an0/cache/objects/30/,0,00000000,no
experiment-021/qa/pytest-temp/test_cache_resumes_verifies_an0/cache/objects/30/305b815f278b0f87191781d92d0500507033774ddfbb7d7e80dfdb1c0dc09ac5,65540,b9090c55,no
experiment-021/qa/pytest-temp/test_cache_resumes_verifies_an0/cache/objects/30/305b815f278b0f87191781d92d0500507033774ddfbb7d7e80dfdb1c0dc09ac5.complete,114,38520885,no
experiment-021/qa/pytest-temp/test_cache_resumes_verifies_ancurrent,141,e35ea6de,no
experiment-021/qa/pytest-temp/test_direct_loader_reads_only_0/,0,00000000,no
experiment-021/qa/pytest-temp/test_direct_loader_reads_only_0/model.safetensors,164,86741761,no
experiment-021/qa/pytest-temp/test_direct_loader_reads_only_0/model.safetensors.index.json,126,8485c926,no
experiment-021/qa/pytest-temp/test_direct_loader_reads_only_current,141,650d0d20,no
experiment-021/qa/pytest-temp/test_host_agent_launches_eight0/,0,00000000,no
experiment-021/qa/pytest-temp/test_host_agent_launches_eight0/credential,34,259785b6,no
experiment-021/qa/pytest-temp/test_host_agent_launches_eightcurrent,141,035892eb,no
experiment-021/qa/pytest-temp/test_safety_audit_appends_acro0/,0,00000000,no
experiment-021/qa/pytest-temp/test_safety_audit_appends_acro0/audit.json,910,be09b4e9,no
experiment-021/qa/pytest-temp/test_safety_audit_appends_acrocurrent,141,f5ce0ffd,no
experiment-021/qa/pytest.xml,6577,6f6d8592,no
experiment-021/runtime/,0,00000000,no
experiment-021/runtime/image-preflight.json,875,f60aa194,yes
experiment-021/runtime/production-gates.json,3954,42060ee6,yes
experiment-021/runtime/shard-cache-startup.json,704,53f737be,yes
experiment-021/simulation/,0,00000000,no
experiment-021/simulation/accounting-reconciliation.json,14777,b5f1d2b3,no
experiment-021/simulation/concurrency.csv,1900,098a7ccb,no
experiment-021/simulation/critical-path.json,889890,07a67f5c,no
experiment-021/simulation/heterogeneity.csv,1518,16a279d2,no
experiment-021/simulation/memory-network-curve.csv,4840,b7490b99,no
experiment-021/simulation/network-envelope.csv,65248,d46bf5d1,no
experiment-021/simulation/sweep.csv,199071,ccf5d2c4,no
experiment-021/simulation/whole-layer-control.csv,2164,28ebf7f3,no
experiment-021/simulation/worker-utilization.csv,2641,dae84fd0,no
experiment-021/source-manifest.json,7802,8d792cc3,yes
experiment-021/summary.json,5510,32c04a4d,yes
experiment-021/test-results.json,910,5e290ed5,yes
experiment-021/truth-table.json,2205,d1279cd4,yes
experiment-021/validation/,0,00000000,no
experiment-021/validation/accounting-reconciliation.json,14777,b5f1d2b3,yes
experiment-021/validation/heldout-service.csv,41219,81a3c068,yes
experiment-021/validation/ordered-shard-replay.csv,2167,a847125c,yes
experiment-021/vast/,0,00000000,no
experiment-021/vast/fragmented-fleet-feasibility.json,3971,155c3df1,no
experiment-021/vast/rendered-future-plan.txt,138183,02b16a79,no
experiment-021/vast/safety-audit.json,3654,d1cc142c,no
experiment-021/vast/safety-audit.raw.json,3475,94937e69,no
experiment-021/vast/single-machine-offer-snapshot.json,25918,01d788bb,no
